0113848180@hanmail.net
01m@01m.co.kr
023koss@theonecp.kr
100jh15@naver.com
11763@shinsegae.com
1928jonghaboy@gmail.com
19990024@kgc.or.kr
2004garam@naver.com
200691@halim.com
20080025@jw-group.co.kr
201455045a@daum.net
2020amgn@gmail.com
245factory@gmail.com
24kijoo@hanmail.net
2781044@hanmail.net
33508805@kthcorp.com
3d_fox@naver.com
3deco@daum.net
3vision_pma@daum.net
4299325@naver.com
5714073@naver.com
63seohee@naver.com
7dayzzzz@daum.net
8614493@hanmail.net
91xorud@naver.com
952070@megamart.com
9770088@paran.com
99jenny@naver.com
a0705@chol.com
a113@nate.com
a1wskang@naver.com
abc12319@naver.com
abc@medinet.or.kr
abusy@kccworld.net
account@avis.co.kr
account@itaekyung.com
account@jinsungtec.com
account@kodaco.co.kr
achang1837@msn.com
ad1492@korea.com
adjh7800@dayou.co.kr
adm@hirose.co.kr
admin@gbattery.com
admin@koid.co.kr
admin@myjvm.com
advertizer@ubcare.co.kr
ahn_ilwoong@eland.co.kr
ahnhonam@empal.com
ahnjm@psiopt.com
ahnsh@sgic.co.kr
air4666@hanmail.net
airo1004@globalzeus.com
ajex@ajex.co.kr
ajihye@seoulsemicon.com
akm2515@naver.com
alariyo@paran.com
alex.kim@pmecano.co.kr
alfnam@amorepacific.com
alfoots@alfoots.com
alposkr@gmail.com
alsent@naver.com
althea@aiia.co.kr
ami293@korea.com
amsea@hanmail.net
amtchoi@naver.com
an@synthetic-turf.co.kr
anaqus@kosep.co.kr
and0319@ilooda.com
andeco@naver.com
anna1123@pearlabyss.com
anny96@dwconst.co.kr
ansh@enexen.com
apexkorea@paran.com
apimeds@apimeds.com
apple43088@gmail.com
apple6707@korea.com
aquilakby@gmail.com
arche63@sypanel.com
arjfks@hanmail.net
arlico@korea.com
army1030@osteosys.com
art1977@cozylife.com
artgon@virnect.com
asd972252@gmail.com
ashash730@u.sogang.ac.kr
atacorporate@alcan.com
atexkorea@atexkorea.com
ati7@ati-fa.co.kr
atodesignstudio@gmail.com
audekd90@naver.com
audio0128@gmail.com
autobizsystems@gmail.com
avengers_19@naver.com
azx0222@gmail.com
b.c@hyundai.com
bboombbay@hanmail.net
bckim@nex1.co.kr
bdchoi@glosem.net
bdjeong@polychem.co.kr
beautech@beautytech.co.kr
bed1@korea.com
belgkamp@naver.com
best@cretam.com
bestgee@naver.com
besthanlim@hanmail.net
beta@mail.vazilcompany.com
bethesome@gmail.com
betty@email.woongjin.com
bg.kwon@xyz360.co.kr
bgh512@almusglobal.com
bha49@hanmail.net
bhchoi@inocorp.co.kr
bhjin@freesat.co.kr
bhkang@sgwicus.com
bikecoop@naver.com
biocera@biocera.co.kr
bionet@bio2net.com
bionics@ebionics.co.kr
biospace@biospace.co.kr
bistos@bistos.co.kr
bitsound@hanmail.net
bj2000@samsung.co.kr
bjkwak@insunginfo.co.kr
bjm@dg-its.com
bjunsong@naver.com
blue8438@ktl.re.kr
bmedept@bme.inje.ac.kr
bmetech@paran.com
bnb@bnbsys.co.kr
bnbkorea@unitel.co.kr
bobo0101@konet.net
bomtech@bomtech.net
bone@meta-biomed.com
bongbong022@hanmail.net
boom3147@kortek.co.kr
bradchoi@eukor21.com
brandbae@donga.co.kr
brother@prudential.co.kr
brouculy@naver.com
bsal.inalee@gmail.com
bsh@nemolt.co.kr
bte1771@gmail.com
btm@bion-tech.co.kr
bukonautosys@hanmail.net
byn1250@hanmail.net
byucksan@byucksan.co.kr
c185060@naver.com
c800156@lgpower.co.kr
caa@tkek.co.krcaatkek.co.kr
cadimpact@cadimpact.com
calla4040@hanmail.net
callsim88@nate.com
cands458@empas.com
capmarch@dongwon.com
carbona88@paran.com
care@netblue.co.kr
caremate@nate.com
carmine302@naver.com
cart@ysesang.com
casakb@naver.com
ccceel@gbnet.kr
ccchung3@hanmail.net
ccy0324@hanmail.net
cellionkim@hotmail.com
centrifuge1142@hanmail.net
ceo@neostack.co.kr
ceo@o2medical.co.kr
ceo@ssyenc.com
ceo@winiamando.com
ceolsw@beauto.co.kr
cesacc@cesco.co.kr
cgpark@myunghwa.com
chaehs0618@naver.com
chalri75@naver.com
champsjh.son@samsung.com
changsinllc@gmail.com
changzoi@hanmail.net
chanokim0@naver.com
charisma@hycorp.co.kr
chayongook@naver.com
chb3505@naver.com
chbeack@poongsan.net
chers45@daum.net
cho@hyundai-pawertech.co.kr
choe1793@sang-do.com
choi@turbosonic.co.kr
choicj@otos.co.kr
choilal@choilal.co.kr
choiwj@samsung.co.kr
chomc69@naver.com
choosuckmin0425@gmail.com
chosunv@chollian.net
choya31@hanyangeng.co.kr
choyang@choayngmed.com
chpark@unitel.co.kr
chpit@naver.com
chris@avocadovapor.com
chwg1119@naver.com
cignel@dcg.co.kr
cima4402@daum.net
cjdgk1101@nate.com
cjkim@carecamp.com
cjwenter@korea.com
ckddyd0725@naver.com
ckdeo@2blcok.co.kr
ckkim@gsholdings.co.kr
clinicopen@hanmail.net
cmtech@cmtech.co.kr
cofacs@cofacs.co.kr
colorone@colorone.kr
comboys2@naver.com
comment@joongang.co.kr
con@seo-han.co.kr
conpuer83@inzi.co.kr
copark@sunginco.kr
corrosion@hsrna.com
costra1046@naver.com
count@iljin.com
cpo@kcnet5.com
cr@syncare.kr
crawing@naver.com
creatyun@naver.com
cs@jinbiotech.com
cs@miraemed.com
cs@wemakedrone.co.kr
csemtec@naver.com
csm9420@kaist.ac.kr
csrim@hnu.kr
ctc@ctc-bionics.com
cube1015@unirobotics.co.kr
cubecomms@hanmail.net
custkd@naver.com
cutemask1@kdnavien.co.kr
cutiepie@autoeversystems.com
cw-park@nsk.com
cwl@genexel.com
cwlee@donbe.biz
cwlee@lgad.co.kr
cwoohyeon@kaist.ac.kr
cwpark@hanatek.co.kr
cyoungyoon@cgbio.co.kr
cytae28@naver.com
dabby@makeit7.co.kr
daebum1005@dongkuk.co.kr
daecoweb@daelimcorp.co.kr
daehun@gitt.co
daeil@daeiltech.co.kr
daeyangmed@hotmail.com
dain@ocohmed.com
daiwha@daiwha.com
dalongim@naver.com
dandyyoung@polaris3d.co
danilsmc@danilsmc.com
dannmin@tena.co.kr
dasima79@hanwha.com
dasol@dasolin.com
datavideo@naver.com
davehds@hotmail.com
day18218@naver.com
dbwhd79@komipo.co.kr
ddolee@ns.ssts.co.kr
ddwoo@naver.com
dean@deansoft.co.kr
denzo2@daum.net
deokyang@dukyang.com
deokyeol@aidot.ai
design@axxen.co.kr
design@redesign.co.kr
design@yeoul.cc
dev@kokos.kr
develokang@naver.com
dh.seok@www.vph.com
dhjeong@kapec.com
dhkim7@elotte.net
dhkim_mckay@hotmail.com
dhlee@cwm.co.kr
dhp1984@hanmail.net
dhpulp@hitel.net
dhsmedi@naver.com
dieck_y1@naver.com
dikang@koreacryo.com
dilos@jejoong-medical.com
djangotop@naver.com
djiam@naver.com
djjoo@costcokr.com
djyang@hsmetal.co.kr
dk@daekyungi.co.kr
dk@design-k.kr
dkk9786@doosanheavy.com
dksltd@dks.co.kr
dkssusud02@hanmail.net
dkwcs@naver.com
dlehdgml100@gmail.com
dltndlrsla@naver.com
dman@adroit.co.kr
dmetec@dmetec.com
dmlee@tkc21.com
dmsolar@daum.net
dnjs2209@hanmail.net
dnwl79@naver.com
doallaid@hotmail.com
doallaid@msn.com
doeal@naver.com
dog7719a@naver.com
dokim1226@gmail.com
dongbang@healthdyne.co.kr
dongbangorth@hanmail.net
dongeund@chollian.net
dongho.lee@biotinc.co.kr
donghun.ko@wegokorea.kr
dongkang@dongkang.co.kr
dongkee@koreazinc.co.kr
dongkook@dongkook-lnd.co.kr
dongmin@retinc.co.kr
dongwonapt@hanmail.net
donok@kita.net
donsue1013@hanmail.net
doug.chung@crocs.com
dpdjfk@naver.com
ds@daese.com
ds@dscorp.co.kr
ds@dsnaref.com
dsholdings@dongsunggroup.com
dskim@letus.co.kr
dsmedical2000@yahoo.co.kr
dsn020308@naver.com
dsspay@daesuns.co.kr
dstech@hanmail.net
duckyang@duckyang.co.kr
duhan@koreazinc.co.kr
duyeon.seo@halla.com
dw.lee@sk.com
dwlee-12@yonsei.ac.kr
ebkim@daeilano.com
ebmaster@ergotech.co.kr
ecyou@sdtech.co.kr
edward.hj.lee@gmail.com
edwin@big-after.com
egghms@naver.com
ehjung@sitec-med.com
ehshin@hanglas.co.kr
ehshin@huvix.com
ejhong@eland.co.kr
ejinho@shindongah.co.kr
ejlee@e-hcc.co.kr
ejlee@kas.co.kr
ejttn@naver.com
ekdo4196@naver.com
elvischung@naver.com
elviskang@dypump.co.kr
email@listencom.co.kr
emart@emartmall.com
ems@emsco.co.kr
enex@enex.co.kr
enghds@naver.com
enstec@yahoo.co.kr
eoa992@hanmail.net
esbarom@samdongkorea.com
eskim@idaehan.com
esmt@esmt.co.kr
esoon.park@osimkorea.com
esteel@hanmail.net
etnd@etnd.co.kr
eujin@eujinmed.com
expanding@naver.com
facemadam@naver.com
falfm@hanmail.net
femads@unitel.co.kr
femogia@hanmail.net
ffc0808@naver.com
fineall@fineall.co.kr
first5495@hanmail.net
flyashley88@gmail.com
friend1007@nate.com
friendly_kelly@naver.com
fyengineering@yahoo.co.kr
gaeddong00@naver.com
gaeun845000@daum.net
galleria@hanwha.co.kr
gammatec@chol.com
gayadong@hotmail.com
gbnoh@humaxdigital.com
gcryu76@hotmail.com
gdmedi@hanmail.net
gearbox@korea.com
geekoriginals1@gmail.com
gemtech@gem-tech.kr
general@polaris-shipping.com
geniecos@naver.com
genoray@genoray.com
ggm@ggm.co.kr
ghh3424@naver.com
gikimy@seoulfairs.com
giluda@naver.com
giseop@crenova.tv
gkdyd05@hotmail.com
gkn1@lgmma.com
gl0215@naver.com
glc@glckorea.com
glglmi@sktelecom.com
globaltheonekorea@gmail.com
gmarket@gmarket.co.kr
gmb@gmb.co.kr
gmbae@kkdc.co.kr
gmc@gmcmedical.co.kr
gmedi@yahoo.co.kr
gmsh@goodi.com
go@atlasbx.co.kr
go@igodesign.com
goddid@jinwoong.kr
goki999@medison.com
goldseen@naver.com
goldsun7709@sgtkor.com
gomjlee@ititech.co.kr
goodbyelee@nate.com
goodlifecom@hanafos.com
goodperson@medieconet.com
gooyh@ctr.co.kr
gotem12@innorix.com
greatshine@naver.com
gree_ling@naver.com
grigo@haitnim.co.kr
groupware@donghae.com
gsp@gasungpak.com
gtech21@gtech21.net
gus1001@hanmail.net
guswotlrkr@hanmail.net
gyuha@naver.com
h-ast1@dwku.com
h890033@hyundaipharm.co.kr
habalan@paran.com
hana0961@hanmail.net
hanamicron@hanamicron.co.kr
handokmedi@hanmail.net
hanex@hanex.co.kr
hangil@physiomed.co.kr
hanlimte@kornet.net
hanmae20@daum.net
hanmiseki2002@yahoo.co.kr
hannachlee@kallion.tech
hanryang96@ystns.co.kr
hans7890@intermed.co.kr
hanshin.choi@pitchlab.co.kr
hanshin@chol.com
happily@kist.re.kr
happymind@sk.com
hb5902.kim@sbri.co.kr
hb800417@naver.com
hbc2621@sk.com
hbchoi@signetics.com
hbh@zeroabsolu.co.kr
hcclg@lsmtron.com
hckim@cu911.com
hcpark0423@hanmail.net
hcyoun@kps.co.kr
hdmaster@ehyundai.com
headtom@tire.kumho.co.kr
heeseokp@goodcns.com
heesu@heesu.co.kr
heeya8876@naver.com
help@awmedi.co.kr
help@dkcart.com
helpdesk@skylife.co.kr
heo56@swhitech.com
heo_7694@naver.com
herena1019@gdfi.co.kr
hg.kim@carrier.co.kr
hg.lee@letinar.com
hgold@seetec.com
hhss@hhi.co.kr
hif0201@hi-ib.com
hiho@hihometal.com
himchan@sk.com
himedical@kornet.net
hisang88@naver.com
hj02@chollian.net
hj38.cho@samsung.com
hj_kim@glorybt.com
hjkim74@gntp.or.kr
hjkim@edbeau.com
hjlee2@afk.co.kr
hjlee5@ecopro.co.kr
hjlee@philosys.co.kr
hjpark@kmw.co.kr
hkim@sisnet.co.kr
hklee@cj.net
hkp17@yahoo.co.kr
hkpark@kdac.co.kr
hks2000ok@nate.com
hkswlsgml@naver.com
hmjung@apollotech.com
hmyang@hutom.io
hns@hnsmall.com
hoeun.yoo@celltrion.com
hojinmed@kornet.net
hojung0529@naver.com
hongho@ustcore.com
hongmin.cha@valeo.com
hongwoo.jeong@dongkuk.com
hoojang69@naver.com
hrlee@mail.dwpi.co.kr
hrz6di@snu.ac.kr
hs-0423@hanmail.net
hs.kim@ibex.co.kr
hs.sohn@tk.t2group.co.kr
hs@rezontech.com
hsjeon@sodiff.net
hskim@jinworldtech.com
hsnam@jtts.co.kr
hsos@dwchem.co.kr
hsw14630@kctc.co.kr
hswoo@igloos.co.kr
htrim@kmci.co.kr
huenu00@naver.com
human@wisol.co.kr
hurev@hurev.com
husla@husla.com
husteel@husteel.com
hwan_hee_kim@samchully.co.kr
hwasung@hwasung.com
hwh@posec.cp.kr
hwjy@eugenes.co.kr
hwnsgur925@naver.com
hwon@yncc.co.kr
hycho@krict.re.kr
hydepark@sampy.co.kr
hye0312@naver.com
hyebin.hwang@narma.co.kr
hyeok@dspow.co.kr
hyj@ezpmp.co.kr
hyjeong@bumchun.co.kr
hylee@korecen.com
hymnmc2@naver.com
hymnmc@empal.com
hyoon@visionsci.co.kr
hyowanee@gmail.com
hyun1@humaninterface.co.kr
hyun2826@mec-ics.com
hyundaemed@korea.com
hyunkyu6@dae-dong.biz
iansong02@gmail.com
ibahnn@gmail.com
ibpower@stxship.co.kr
icelandjinho18@naver.com
igelin8926@gmail.com
igotit@kccworld.co.kr
ihsmedisound@hanmail.net
ihtrading@hotmail.com
ij1004@isu.co.kr
ijcar@ijbk.com
il6004@hanmail.net
iljin@simulator.co.kr
imed@imeditech.co.kr
imetbsh@korea.com
imir4u@empal.com
import@wymed.co.kr
imym21@hanmail.net
in-ki.yun@aptiv.com
info@apsuninc.com
info@cheilmedical.com
info@curesys.co.kr
info@daumcorp.com
info@dbneedle.com
info@dosis.co.kr
info@emacro.kr
info@ergo.kr
info@hioilent.com
info@infunix.com
info@isamwoo.com
info@ka.co.kr
info@kefico.co.kr
info@kodasdesign.com
info@koryoeyetech.co.kr
info@meditime.co.kr
info@rmesse.co.kr
info@sang-chung.co.kr
info@seniorfair.kr
info@skyfactory.co.kr
info@songwonind.com
info@taihan.com
info@uniqlo.co.kr
info@wasol.co.kr
infracore_master@doosan.com
inkyu0303@daum.net
innergreen@naver.com
innisfree@shinhan.com
intar144@gmail.com
interlifejd@hanmail.net
international@gsmedical.co.kr
intl@mmakorea.co.kr
intosok@yahoo.co.kr
inusmusics@naver.com
inventorkkc@dr-kim.co.kr
invest@ncsoft.net
ir@nhncorp.com
irmaster@dic.co.kr
irumedi@naver.com
is6643@koreanair.co.kr
isin@youngone.co.kr
iss888@naver.com
isyoon@seoulgas.co.kr
itctrading@naver.com
iwellness@iwellness.co.kr
j.mpark@unid.co.kr
jaabunyul@kolmar.co.kr
jack.lee@magicmemories.com
jackjung1403@gmail.com
jacob@beautyops.co.kr
jae-hyun_chung@amway.com
jae-kwng.lee@miele.co.kr
jaekwang.kim@ge.com
jaesik101@hanmail.net
jaesuchung@korea.com
jaesung.lee@siltron.co.kr
jaetongsang@jaeshop.com
jaewoo.lyu@komras.com
jai@primpo.com
jalak@naver.com
jamadeus@naver.com
james@ai-car.co.kr
james@hackersholdings.com
jameshkim@paran.com
jameskim@jastec.co.kr
jang@han-power.co.kr
jangmi1159@gmail.com
jangwon.hong@immersivecast.com
jangwon5@strastar.com
jangwoo9@hanmail.net
jar4105@gmail.com
jasonkidd5@naver.com
jaymhan@empal.com
jayyang@hysr.co.kr
jbjeon@pureumlnt.com
jbpark@drgem.co.kr
jckim@hn-tech.co.kr
jcroh@everdigm.com
jdkim@dtrkorea.co.kr
jeahnam@hanjin.co.kr
jefflim@uniquest.co.kr
jeho0331@hanmail.net
jeisys@jeisys.com
jenie076@naver.com
jeof95@naver.com
jeonghc@cybermedic.co.kr
jeongjun@kogas.or.kr
jeongonpark@gmail.com
jeonuc@asianaidt.com
jg.song@youngntech.com
jh@sdpc.co.kr
jhchoi@peglass.com
jhelee@sony.co.kr
jhha@redcap.co.kr
jhjeon@gaoncable.co.kr
jhkim@jebi.co.kr
jhkim@pananomics.com
jhkim@yaskawa.co.kr
jhkjmc@gmail.com
jhkwon@kaonmedia.com
jhlee@dage.co.kr
jhlee@hura.co.kr
jhlee@lottechilsung.co.kr
jhlee@medien.co.kr
jhlee@nifco.co.kr
jho8525@gmail.com
jhpark@daewonpharm.com
jhpark@ystns.co.kr
jhrun.lee@samsung.com
jhseol@korealines.co.kr
jhy@handscorp.co.kr
jhyoun2000@hanmail.net
jibae@mujin.co.kr
jieco1908@naver.com
jihongkim@hotmail.com
jihoon.kuk@torayamk.com
jimin.kang@rokit.co.kr
jimin1006@semasm.com
jimy7608@naver.com
jin.kim@lucis.co.kr
jin@meditherapy.co.kr
jineui.kim@rayence.com
jingipark38@cigroup.co.kr
jinhwan77.kim@samsung.com
jinkukim27@gmail.com
jinryoul@gmail.com
jinu@bspmed.com
jinu@ktmns.com
jiro1201@naver.com
jiseon.kim@swagelok.com
jiwontek@naver.com
jjc1949@hanmail.net
jjd7925@naver.com
jjh@dwcable.com
jjkim@pamtek.com
jjlee@janusat.com
jjpark@knrsys.com
jjy7732@coolglobal.co.kr
jk.kim@uterasys.com
jkim@ard.co.kr
jkim@ips.co.kr
jkjang@infopia.com
jkkim@pennsylvania.or.kr
jklim0729@naver.com
jkmin@kyobobook.co.kr
jmfl@poongin.co.kr
jmk4824@hanmail.net
jmyu@tempuselec.com
joansos@naver.com
joh03176@hsb.co.kr
john@dukin.com
johnkim@livart.co.kr
johnmoon@unitel.co.kr
johnny011970@gmail.com
joinmedical@yahoo.co.kr
jongha@fastpong.ai
jonghyeok.hong@i-ps.co.kr
joolim@arencia.com
joondols@serveone.co.kr
jooyeon4ma@hanmail.net
joseph@bing.co.kr
jouylee@foothealth.co.kr
jrchoi@kisvan.co.kr
jschoi@pabloair.com
jshyeon@mobiteq.co.kr
jskim@sungeng.co.kr
jskoo@tycement.co.kr
jsmedi@jsmedi.com
jsmin@lguplus.co.kr
jsmoon@kdbc.co.kr
jsoh@andk.co.kr
jsoh@wellsbio.net
jst@dasungtec.com
jstop@semsol.co.kr
jsyang@hec.co.kr
jsyoon@enscape.co.kr
jtlim@panasiakorea.com
jts1944@hurimbiocell.com
jtt3401@naver.com
jum981222@naver.com
jun1117@ecotron.co.kr
jun5@hiplazamail.lge.co.kr
june.choi@tel.com
jung-soo.kim@samsung.com
junggernaut06@hanwha.co.kr
junghyun.yoo@samyang.com
jungmk9393@moorim.co.kr
jungsw@teia.co.kr
junguk@airpluscomp.com
juntae.bae@donghee.co.kr
juparee@kintex.com
juyiiu14@naver.com
jwkam@kpf.co.kr
jwlee23@sfa.co.kr
jwlee@yupoong.com
jwsohn78@gmail.com
jwyeon@dongkang.co.kr
jwyuk@mandohella.com
jy.lee@thegaram.com
jy.park@ktis.co.kr
jygroup@biz2jy.com
jyhwang@inbtek.com
jykims@kccworld.co.kr
jylee@drtech.co.kr
jylee@kyungshin.co.kr
jym4332@gmail.com
jymin@ltpro.co.kr
jynkorea@seilmedical.com
jysgood@naver.com
jyshin@dsme.co.kr
k122000@kangnam.co.kr
kang@kttelecop.com
kangdc@poscoss.co.kr
kaqq123@hanmail.net
karis@karis.co.kr
kawamaent@naver.com
kaya@kayahitec.co.kr
kbm33@hanmail.net
kbohe@etrade.co.kr
kc6770@dreamwiz.com
kco4285@hanmail.net
kdh@geosys.co.kr
kdoc@kdoc.co.kr
kdycc@naver.com
keaton117@naver.com
kenhan@kolon.com
kep@keppack.co.kr
kepweb@kepital.com
kesc1001@naver.com
ketter@nate.com
keunho.lee@s-motors.kr
kevin.na@shinstarr.com
keyhooni@imarketkorea.com
kfc34@naver.com
kgbkk@nate.com
kgcc1276@hanmail.net
kgcho@hansol.co.kr
kh5555@posdata.co.kr
khbae@jinro.co.kr
khbagcor@hanmail.net
khj0823@vce.volvo.co.kr
khj@athlai.co.kr
khk3825@3acltd.com
khkim@lsmetal.biz
khlee@sooil.com
kiair@kia.co.kr
kiback.lee@hankooka.com
kikiju1277@naver.com
kikisichi@descente.co.kr
kim.whan-soo@nintendo.co.kr
kim88714@naver.com
kim@kec-corp.kr
kim@mando.com
kimhs9598@daum.net
kimhsk@becscorp.co.kr
kimjy@halla.com
kimmk@shinyongdental.com
kimsj110@soomvi.com
kimsk2@kopec.co.kr
kimstar@excodaegu.co.kr
kimyh316@tnc-corp.com
kimyung.kim@samsung.com
kinetrac@naver.com
kisoggo@partron.co.kr
kiswire@kiswire.co.kr
kjamnb1006@hanmail.net
kjc97125111@gmail.com
kjfence@naver.com
kjh1977@modetour.co.kr
kjh@uni-care.co.kr
kjwoo@innospc.com
kkj31@kosteel.co.kr
kkmyong@dongjin.com
kkyoung1153@gmail.com
km01@km01.co.kr
kmangi66@mainit.net
kmdia@kmdia.or.kr
kmh@kmhealth.co.kr
kmjun113@naver.com
kmtec@kmtec.com
koastron@koastron.com
kohongsik4@naver.com
koindol2@pacs.co.kr
komkt@hanmail.net
kongkjy@kong-tech.com
kooo76@htb.co.kr
korea@bacou-dalloz.co.kr
koreacsk@sts-semi.co.kr
koreahighpalm@hotmail.com
koreamed@chol.com
korens@korens.co.kr
kosco@koscomedical.com
kospo0402@kotis.net
kostec@n-kostec.co.kr
kp1003b@gmail.com
kpk638@naver.com
kpw2358@naver.com
ksana1215@interminds.ai
ksb@syu.co.kr
ksh@finem.co.kr
ksj17@baskinrobbins.co.kr
ksj@pneinnotec.com
ksjoo69@paran.com
ksk2311@naver.com
kslee@carecamp.com
kslee@samsun.co.kr
kspark@hanssem.co.kr
kssim@dcf.co.kr
kswon@wia.co.kr
ktksh27@naver.com
kwaem@westernpower.co.kr
kwangeun.chung@kor.fujixerox.com
kwhs@kwhs.co.kr
kwon1557@naver.com
ky.lee@xaosmotors.com
ky4615k@naver.com
kyg020516@naver.com
kyh04201@naver.com
kyi-mail@nate.com
kykyoum@paran.com
kyoung.an@philips.com
kyunghea.youn@mail.inglife.co.kr
kyuntae@iljin.co.kr
lc2011@naver.com
lch@naum.biz
ldh1990@hanmail.net
lead62kr@naver.com
leader@mcnex.com
leedh@hallaencom.com
leehyojeong1219@naver.com
leeisky@ilsungconst.co.kr
leejh@ail.co.kr
leejun@hupat.com
leekanghae@lghausys.com
leekwang4547@nate.com
leesgjg@gmail.com
leesh@innosci.co.kr
leesw@stxenergy.co.kr
leeven88@ps-ind.com
leewd@dongbu.com
leewogn@naver.com
leeyk@aerovision.co.kr
leeyong1587@sunsolution.co.kr
lefthand@hanmail.net
leo@charmcare.com
leo@youngwoo.co.kr
letterfromhome@hdel.co.kr
lgcable@kotis.net
lgcare@lgcare.com
liger@ligersystems.com
lij@mopticon.com
likok@cj.net
lim030317@hanmail.net
limjh@dpi.co.kr
lincsolution_hq@naver.com
listem@listem.co.kr
littleson@naver.com
liy1004@hanwha.co.kr
ljad93@naver.com
ljess@sevokorea.com
ljj282@wooricap.com
ljwook@daewoong.co.kr
lks10@naver.com
lkzo44@naver.com
logog78@gmail.com
logon@icgas.co.kr
longwin2000@hanmail.net
louis@akaintelligence.com
loveasme7@nate.com
lps@ialu.co.kr
lsaa001@nate.com
lsh0044@hanmail.net
lsh@poscopower.co.kr
lsw8663@hanmail.net
lsy-055@hanmail.net
lucille87@naver.com
luckyhan@hsi.co.kr
lugele73@gmail.com
luischoi@naver.com
lumiere@reset1011.cafe24.com
lumiere@resetsnow.com
lws@gopaper.co.kr
m-gyver@daum.net
madkong@nate.com
mail@hicap.kr
maint@dwsu.co.kr
maisy0724@naver.com
majho@nate.com
manager@icmoffice.kr
manager@nextsafe.com
maneekim@sw.co.kr
maniker@maniker.co.kr
marketing@medison.com
maron-1@hanmail.net
marsky.park@gmail.com
master@gmskorea.kr
master@gsretail.com
master@ktmed.com
master@litecure.com
master@medicaldream.kr
master@naver.com
master@neodr.com
master@poscocnc.co.kr
master@samnam.co.kr
master@sunmeditech.com
master@yahoo.com
masterlee@e1.co.kr
maxkim@dekist.com
mbaek@chollian.net
mckima@lsis.biz
mctec@naver.com
mcure@paran.com
med@medfursys.co.kr
medical-pm@hotmail.com
medical@han-lim.co.kr
medical@sometech.com
medicalcho@hotmail.com
medicarechoi@yahoo.co.kr
medictec@korea.com
medigate@medigate.biz
medirune@hanmail.net
medistar@chol.com
medizen@empal.com
medpower@hanmail.net
medro@lycos.co.kr
medstar@medstar.co.kr
medwinco@unitel.co.kr
medxasia@unitel.co.kr
metalluv@enftech.com
mg-li@yuhan.co.kr
mgijh@naver.com
mglee@lottecard.co.kr
mhhan@nongshim.com
mhinku@naver.com
mhkim09@sklube.com
mhlim@nepes.co.kr
mhpark@ilshin.co.kr
mhw@tops2010.net
mia96@sogang.ac.kr
mickig@michang.co.kr
mike@kirams.re.kr
miki@wheelchair.co.kr
mikyung.choi@siemens.com
milre131@lycos.co.kr
min2bear@korea.kr
minipet521@naver.com
minkoo.yoon@dongilvision.com
minz7950@naver.com
miok@mediana.co.kr
misotech1388@hanmail.net
mjlee@pjdesign.co.kr
mjmj.heo@samsung.com
mkchoe@dreamwiz.com
mkha@dymos.co.kr
mkim@watlow.com
mklee@dongsuh.com
mkmg39@nate.com
mlkim@omacom.co.kr
mm_space@naver.com
mmakorea@kornet.net
mo24@sk.com
moki6672@naver.com
momosh@hanmail.net
monotoon@cbgkorea.com
monster560@gentlemonster.com
moogeekd@naver.com
moon007@nate.com
moonchief97@naver.com
moorang.park@paradise.co.kr
mother3393@naver.com
mouse0615@naver.com
movierudals@joinsm.com
movilove@gmail.com
mowchoi@hotmail.com
mr-id@hanmail.net
mr7035@daum.net
mrbig3089@naver.com
ms8836@hanwha.co.kr
mscmk@hanmail.net
mshc@msgas.co.kr
mshim@skc.co.kr
mshin@wmit.or.kr
mskang38@dongbu.co.kr
mskang@nanointerface.com
msn77@chol.com
mssin@sekonix.com
mst8415@paran.com
muhando20@hanmail.net
mulssa@bhflex.co.kr
muni6952@hanmail.net
murkyi@hotmail.com
muze16@lottechem.com
mw_yoo@rgt.kr
mwkim@tspc.co.kr
mwsong@knwkorea.com
mycandy03@dstrict.com
mykim@kpicc.com
mylovelykate@paran.com
myunghoon.kang@purplelabs.co.kr
n21sjm@laseroptek.com
nabamsong2@daesang.comkr
nacap@samsung.co.kr
naduttnee@nate.com
naejung.hwang@siemens.com
naginga@asiapaper.co.kr
naiad1105@acehinge.com
namhicho@hanjinsc.com
namjungwan@naver.com
nask13@gift.co.kr
nauk159@naver.com
neomed@hanmail.net
neopcb21@hanmail.net
neuf@theleadcorp.com
neweast@hotmail.net
newway2878@gmail.com
nexoncontact@nexon.co.kr
niceho@elbio.co.kr
nicenews@kingrun.co.kr
nigora87@kepco.co.kr
ninetail234@yonsei.ac.kr
njpark@tata-daewoo.com
nkb2392@paran.com
nmind99@naver.com
nms@enersys.biz
noachu@naver.com
nollan250@naver.com
noran@siliconworks.co.kr
now1004-_-@naver.com
ntech@ntech21.co.kr
nuga1004@nugamedical.com
nugudang@naver.com
oandm@vsnl.com
office@lutronic.com
offthehooook@gmail.com
ohds@hyundai-ep.com
ohes@interpark.com
ohjh5555@samsung.tesco.com
ohsw020@meak.co.kr
okwhdmsgid@naver.com
omae22@naver.com
onemindcare@naver.com
onesp4177@yahoo.co.kr
onsili@ppeoples.co.kr
ophir2020@naver.com
opto@optobiomed.co.kr
orange77k@ecomomkorea.org
orayok@nate.com
oreohstudio@gmail.com
orion2513@naver.com
ortecbrace@hanmail.net
oryx7@hanmail.net
osk@siflex.co.kr
osonglife@nate.com
ossidhuei@naver.com
ourhome@ourhome.co.kr
overseas@buheung.co.kr
owk795@naver.com
oyg@sewon-eng.co.kr
oykim@lgchem.com
palmi27@korea.com
pam@escaper.kr
pang20@stxengine.co.kr
panpacific@panpacific.co.kr
park10740@km-eng.co.kr
parkcs@s-connect.co.kr
parkhd@snnc.co.kr
parkjihyun@konyang.ac.kr
parkkhun@gmail.com
pc1394ti@genexel.com
pch588@taeyoung.com
pcland88@hanmail.net
pdanara3896@gmail.com
pdw@kpb.co.kr
pege2200@hanmail.net
peliuskjs@bugangens.co.kr
persondi@persondi.co.kr
peter@vieworks.com
peterseok@protechsite.com
pglee@han-sung.co.kr
pgpark2219@yahoo.co.kr
phenixvision@phenixvision.com
phs@hanmail.net
phy206@foosung.com
phy@gioss.co.kr
pigeon@taekwang.co.kr
pilsu.kim@jusung.com
pineco@unitel.co.kr
pksk0130@hanmail.net
pkw48885@gmail.com
plan@bit.co.kr
plan@cubist.co.kr
plan@deltamedical.co.kr
planning@buypack.co.kr
pltkorea@paran.com
pmc661010@naver.com
poka2552@naver.com
polyol@polyol.co.kr
poohrh@kohtech.net
postmaster@jpi.co.kr
powerfreeze@hanmail.net
powerlogics@powerlogics.kr
pper3708@naver.com
ppk@chosunref.co
pr@samyangfood.co.kr
prany@freechal.com
presi97@lottenc.com
pretty081596@naver.com
preun@mbtkorea.co.kr
psh@boditech.co.kr
pth5979@korail.com
pulsecam@hanmail.net
pumplion3@naver.com
pyunk0116@gmail.com
qateam@sanil.co.kr
qnfdmsvl@naver.com
qoltlabkorea@gmail.com
rain_etoile@naver.com
rainbow7402@naver.com
ran0701@medi-core.com
rbandc@naver.com
rbm2000@hanmail.net
rd04@delcoco.co.kr
remyname@jwis.co.kr
reoptical.hk@gmail.com
requiem_ori@naver.com
reserve@shilla.net
resort@hanwha.co.kr
retailer0110@naver.com
rhkdalswh@gmail.com
ris@deu.ac.kr
rise15@sungdokorea.com
river@germankorea.com
rkdfus561@naver.com
rkkim@atikorea.com
rla1719@yahoo.co.kr
rlaxorud0915@koreatech.ac.kr
rnd@dmfit.com
rnd@hites.co.kr
rnd@scdh.kr
robdog@naver.com
roh@dyphi.com
rohkayung@naver.com
ropenrbt@gmail.com
royalmed@unitel.co.kr
royroh@at-sol.co.kr
rucia33@sla.co.kr
rwacky@isamt.com
ryuchoulho@naver.com
ryuhy@innocean.com
sa0277@naver.com
saehanmedia@saehan.co.kr
sajung21@gmail.com
sale@hjkoryo.com
sale@labtech.co.kr
sale@microvision.co.kr
sales2@pancheck.co.kr
sales@comed.co.kr
sales@ebionet.com
sales@eotechnics.com
sales@escon.co.kr
sales@hsmedical.com
sales@joinenterprise.com
sales@keocvi.com
sales@medi-future.com
sales@mosrmi.com
sales@neuromedi.com
sales@poskom.com
sales@psktech.com
sales@samsongcaster.com
sales@wellay.net
salesinfo@ehwadia.co.kr
sam@cuzcolbe.co.kr
samho@samhodev.co.kr
samkim@moogene.com
samson@samsonmed.co.kr
sanam@sanamtech.co.kr
sang@dw.co.kr
sanghoh@absfil.com
sangjoo.park@themedium.io
sangsin@sangshin.com
sanguk_park@seojuneng.com
sangyong@tae-yang.co.kr
sasha2013@naver.com
sb.hwang@gv-engineering.com
sb.lee@metismake.co.kr
sc.baek@polymirae.com
sc120923@hanmail.com
scchoi96@gmail.com
scclover@scbed.co.kr
scho2011bu@naver.com
sclsj@hmm.co.kr
sct080@daum.net
sdi222@mbshiroyama.com
sdmd9517@yahoo.co.kr
sdp888@hanmail.net
sdspr@samsung.com
sdw430@naver.com
sdy@healthmax.co.kr
se8191@daum.net
seagullkim0@gmail.com
seaman0922@hanmail.net
sean@printer.co.kr
seimi_ark@naver.com
sein0861@empal.com
sejinrubber@naver.com
sejongc@empal.com
semanem5@hansol.com
sendmail@dongwha.co.kr
seo1308@naver.com
seonmin8771@naver.com
seoul@interconti.com
seoul@jawon.co.kr
seoul@matrade.gov.my
seoul@samickthk.co.kr
seoulbest01@naver.com
seoulfeed@seoulfeed.com
service@koreanre.co.kr
seungwoo05@betokorea.com
seungyeun.jang@handok.com
seveneng@seveneng.com
sewoo@sewookorea.com
sg.yoon@simpleproject.co.kr
sggim@cswindtower.com
sh.cho@scfcasting.com
sh2418@suhyup.co.kr
sh_ahn@hyundai-wia.com
shchoi06@isu.co.kr
shchoi@evermate.co.kr
shemelynsespene@gmail.com
shieldk77777@naver.com
shinjinmed@teleoffice.co.kr
shinky@alps.co.kr
shiny@firecup.co.kr
shlcpki@ewideplus.com
shlee@hasointech.com
shn6916@hanmail.net
shnam@daedong.co.kr
shpark@simpac.co.kr
shy1040@naver.com
shyoo@stinc.co.kr
shypark@dyenp.com
shyu@hyundai-autoever.com
sichea1004@samlip.co.kr
silk@e-winix.co.kr
silverwinged@naver.com
sime1052@neople.co.kr
simjg@thinkingclip.com
simwonjong@hanmail.net
sinsim@pusanbank.co.kr
sinwoo1170@hanmail.net
sjb3@cholian.net
sjchang@fila.co.kr
sjkim@aloka.co.kr
sjpark@dbridgekorea.com
sjsaccount@aekyung.co.kr
sjys28@paran.com
skcguy90@gastopia.co.kr
skjh5474@hanmail.net
skkcnj@jbcitygas.com
skkim@idreamtech.co.kr
skmeditech@skmeditech.com
skoh@yk-steel.co.kr
skskdj54@naver.com
skskopop@hanmail.net
sksm0992@korea.com
sktelink@sktelink.com
skysyub116@keri.re.kr
smham@iembio.com
smkim1012@korea.kr
smlee@u-medical.co.kr
smmidi@naver.com
smoki76sr@hanmail.net
smpeng@smpeng.co.kr
smuri388@gmail.com
sns@snsi.co.kr
so2park0323@naver.com
softmemsljy@naver.com
soju8188@hyundaicard.com
solso@beautynet.co.kr
songhd1153@hanmail.net
sonsinggo@naver.com
sonyj76@gmail.com
soonbyeong.kim@kr.lafarge.com
sooyoung@inicis.com
soy512@hanmail.net
soyoon19971103@gmail.com
soyun@d-mon.kr
sp-corp@hanmail.net
sp012019@hanmail.net
spa@open-telecom.com
spatech@paran.com
spchoi@agvsk.com
spring@kmni.co.kr
srcho@nachi-korea.co.kr
ssadmin@sungshincement.co.kr
ssclee@acriche.com
ssclee@seoul-semicon.co.kr
ssg8026@daum.net
ssico@chollian.net
sspark@votem.kr
ssr888k@naver.com
sssch200@devicemall.co.kr
ssu4942@kodoco.com
ssuals1@naver.com
ssuk@yg1.co.kr
ssy@kolon.com
star@dms21.co.kr
starnada@korea.com
stchoi@wordin.com
stjeong@hjcltd.kr
stm_style@naver.com
stormbk@seahsp.co.kr
stp@durico.co.kr
stratek1998@stratek.co.kr
success1@myeco.co.kr
sucheol.lee@kist.re.kr
suhyuna326@gmail.com
sujung0010@braintechco.com
sukjun@cj.net
sukkoung73@naver.com
sukyung0206@gmail.com
sun04@dasanmedical.co.kr
sun7532@hanmail.net
sungganwoon@naver.com
sunghoon.park@iljin.co.kr
sungjun.hng@gmail.com
sungkyu63.park@samsung.co.kr
sungsuk@yonwookorea.com
sunguk.park@3watt.co
sunmachi@hitel.net
sunnymoon99@gmail.com
suntae83@taisin.co.kr
sunwon603@nate.com
sunwoo@sunwooi.com
sunwood@sunwood.co.kr
sunycame@hanmail.net
superpika@naver.com
sw-hong@kdceratech.co.kr
sw5308@donga.com
sw@swaqua.com
swheo@mopic.co.kr
swjk7080@hanmail.net
swlee@group-mega.co.kr
swyeon11@kist.re.kr
syjang@samboenc.co.kr
sykim@kaikcc.co.kr
sykim@megamedical.co.kr
sykwak@daewoo.com
sys@dong-il.com
tack@studiomot.com
taegeon3419@taegeon.biz
taeinenterpeise@hanmail.net
taemoon56@yahoo.co.kr
taewoong@taewoong.com
taeyangcolor@nate.com
taid@studiotaid.com
tailim@tailim.com
tanksolution@naver.com
tate.gong@globaldws.com
tax@optologics.com
tc4505@naver.com
tcheon@humanb.kr
tcseoul@kotis.net
teamann@doosan.com
th1530@hanmail.net
theheil@daum.net
thjeong@lotteal.co.kr
throneh@lohalab.com
thsdlrtkd@daum.net
time292@naver.com
timeworld@hanwha.co.kr
tjajs78@naver.com
tjdrbs_1012@naver.com
tkdgus1622@naver.com
tlsgptlsqn1@naver.com
tmteccokr@naver.com
tnalsthd97@naver.com
tnxodks@naver.com
tobel@tobel.co.kr
tofose@naver.com
tokkebi@kctech.co.kr
tom@bmwde.co.kr
tony@wellcam.kr
topcon@topcon.co.kr
toptec@toptec.co.kr
tovism@tovism.com
towatek@naver.com
toyoo@isdongseo.co.kr
trade@keumganginc.com
trade@posrec.co.kr
trismed@kornet.net
truefriend@truefriend.com
tsoh@jimc.co.kr
ttyy1001@naver.com
twioni@dongbulife.com
twojione@hanmail.net
ty.moon@3i.ai
tymedi@tymedi.com
ududuu@naver.com
ungseop.an@solu-m.com
unitherapy@yahoo.co.kr
verita98@naver.com
violet@scplant.com
vnvj0033@gmail.com
voiceact71@hotmail.com
vovheas104@naver.com
wang@avonne.co.kr
wavetele@hotmail.com
way2east@kolon.com
wdsong@npc.co.kr
webdgb@dgb.co.kr
webguide@mail.kolon.co.kr
webhcc@hanwha.co.kr
webmarster@gico.co.kr
webmaster.korea@y-k.co.kr
webmaster.scp@samsung.com
webmaster@bestez.com
webmaster@bngsteel.com
webmaster@bookook.co.kr
webmaster@boryung.co.kr
webmaster@brasone.com
webmaster@capital.lg.co.kr
webmaster@cheil.co.kr
webmaster@cj.co.kr
webmaster@cjmall.com
webmaster@coway.co.kr
webmaster@daeduck.com
webmaster@daehyun.co.kr
webmaster@daishin.co.kr
webmaster@dap.co.kr
webmaster@dhflour.co.kr
webmaster@dhpulp.co.kr
webmaster@dicogear.co.kr
webmaster@dohwa.co.kr
webmaster@dong-wha.co.kr
webmaster@dongbuchem.com
webmaster@dongil.co.kr
webmaster@dongilpaper.co.kr
webmaster@dongsuh.co.kr
webmaster@doosan.com
webmaster@doosanengine.com
webmaster@dsfeed.com
webmaster@dw.co.kr
webmaster@dwcapital.co.kr
webmaster@e-litecom.com
webmaster@edupia.com
webmaster@ekdp.com
webmaster@etecenc.com
webmaster@flyasiana.com
webmaster@fursys.com
webmaster@gennet.co.kr
webmaster@gjec.co.kr
webmaster@glovis.net
webmaster@greencross.com
webmaster@gsconst.co.kr
webmaster@hanaro.com
webmaster@hanatour.com
webmaster@handsome.co.kr
webmaster@hanshinc.com
webmaster@hansolel.co.kr
webmaster@hcccapro.co.kr
webmaster@hdcement.co.kr
webmaster@hdec.co.kr
webmaster@healthcare.co.kr
webmaster@himart.co.kr
webmaster@hisntd.com
webmaster@hlc.co.kr
webmaster@hmail.com
webmaster@hmd.co.kr
webmaster@hshi.co.kr
webmaster@hygas.co.kr
webmaster@hynix.com
webmaster@hyosung.com
webmaster@hyundai-motor.com
webmaster@hyundai-steel.com
webmaster@hyundaicorp.com
webmaster@hyundaigreenfood.com
webmaster@idbins.net
webmaster@imeritz.com
webmaster@insurance.co.kr
webmaster@jahwa.co.kr
webmaster@jbbank.co.kr
webmaster@joymg.com
webmaster@k2outdoor.co.kr
webmaster@kcg.co.kr
webmaster@kdc.co.kr
webmaster@kdhc.co.kr
webmaster@kepco.co.kr
webmaster@ket.com
webmaster@kicc.co.kr
webmaster@kisinfo.com
webmaster@kiupbank.co.kr
webmaster@kiwoom.com
webmaster@kkpc.co.kr
webmaster@knenergy.co.kr
webmaster@kofco.com
webmaster@koreaaero.com
webmaster@koreastock.co.kr
webmaster@korvans.com
webmaster@koscom.co.kr
webmaster@krcon.co.kr
webmaster@ksbj.co.kr
webmaster@ksfc.co.kr
webmaster@kss.co.kr
webmaster@ktn.co.kr
webmaster@kukdo.com
webmaster@kumhoasiana.com
webmaster@kumkangkind.com
webmaster@kyobotrade.co.kr
webmaster@kyungbang.co.kr
webmaster@lg.co.kr
webmaster@lge.co.kr
webmaster@lgp.co.kr
webmaster@lgphilips-lcd.com
webmaster@liglife.com
webmaster@lottesamkang.co.kr
webmaster@lsyesco.com
webmaster@mail.skgas.co.kr
webmaster@medicalsupply.co.kr
webmaster@meritzfire.com
webmaster@mobis.co.kr
webmaster@mseat.co.kr
webmaster@myangel.co.kr
webmaster@namyangi.com
webmaster@nexentire.co.kr
webmaster@nhchem.co.kr
webmaster@nseshop.com
webmaster@oci.co.kr
webmaster@ocicorp.co.kr
webmaster@oy.co.kr
webmaster@petasys.com
webmaster@ph.co.kr
webmaster@pos.co.kr
webmaster@posco.co.kr
webmaster@reptech.co.kr
webmaster@rotem.co.kr
webmaster@s-oil.com
webmaster@s1.co.kr
webmaster@sajo.co.kr
webmaster@sajocs.co.kr
webmaster@samho.co.kr
webmaster@samjinpharm.co.kr
webmaster@samlipgf.co.kr
webmaster@samsungcard.co.kr
webmaster@samsungfire.com
webmaster@samsungfn.com
webmaster@samtan.co.kr
webmaster@samyung.co.kr
webmaster@sbs.co.kr
webmaster@sdafire.com
webmaster@seoulstock.co.kr
webmaster@sgmed.co.kr
webmaster@shinsegae-con.co.kr
webmaster@shinsegae.co.kr
webmaster@shinsung.co.kr
webmaster@shinyoung.com
webmaster@shs.co.kr
webmaster@siliconworks.co.kr
webmaster@sinc.co.kr
webmaster@sindoh.com
webmaster@sjku.co.kr
webmaster@skcc.com
webmaster@skec.co.kr
webmaster@skens.com
webmaster@sks.co.kr
webmaster@smotor.com
webmaster@spi.co.kr
webmaster@ssangyongcement.co.kr
webmaster@ssmc.co.kr
webmaster@stx.co.kr
webmaster@tscc.co.kr
webmaster@utimedi.co.kr
webmaster@windsor.co.kr
webmaster@winnet.co.kr
webmaster@wm.co.kr
webmaster@woosungfeed.co.kr
webmaster@wtlaser.com
webmaster@ycntv.co.kr
webmaster@yes24.com
webmaster@youfirst.co.kr
webmaster@youlchon.com
webmaster@ypzinc.co.kr
welltopia@hanmail.net
wemaster@dongbang.co.kr
wheelopia@wheelopia.co.kr
wheelrush@naver.com
whitenzzr@naver.com
wio121@gmail.com
withuk@kolon.com
wj.shin95@anhstructure.com
wjane@kconsulting.co.kr
wjdwn8045@naver.com
wlal8500@naver.com
won3100@chol.com
wonjin@wonjininc.com
wonseoks@naver.com
wonseop.shin@imi-critical.com
woo@poinbionics.com
woobin5549@daum.net
woojinc7@gmail.com
wool2sy@naver.com
woorhi@woorhi.co.kr
wooshinlabo-rd@wooshinmed.com
worldbridge@hanmail.net
wryoon@thordrive.ai
ws.choi@geovan.com
wsdental@hanmail.net
wsh1128@tse21.com
wspark84@gmail.com
wtjung@mobileacademy.or.kr
wwwdesign70@gmail.com
wyhan@smart-is.co.kr
x-ray@eco-ray.co.kr
xena2000@nate.com
xsun8701@naver.com
xtop@aju.co.kr
yakjin@kotis.net
yan@stent.net
yap@musicen.com
yas5@osstem.com
yb3238@hanmail.net
ybkim@mektron.co.jp
yblee@kwangjin-kr.com
ybpark@petcome.co.kr
ybs7916@naver.com
yc@youngchemical.co.kr
ycho@ph6design.com
ychul@huchems.com
ychunb@brtnx.com
ycjoung@em-power.co.kr
yd-lee@kkty.yuden.co.jp
ydkim@chience.co.kr
ydmc@unitel.co.kr
yeo@pantos.co.kr
yeonhwan.lee@itsene.com
yeonja@daum.net
yeonk-oh@hanmail.net
yeonsuea@nate.com
yesdnn@gmail.com
ygahn@kumholife.co.kr
ygji88@exopert.com
ygkim@kumkang.com
ygshin@iljin.com
yh0924.lee@samsung.com
yhb@yhb.co.kr
yhchoi@i-sens.com
yhs2451@naver.com
yhshin42@hotmail.com
yhsong@hansae.com
yik321@nate.com
yjgong@jhsys.co.kr
yjjeong@impt.co.kr
yjjw2@hanmail.net
yjlee@heung-a.co.kr
yjyoon@daehanfeed.co.kr
yk1809@nate.com
ykj0518@nate.com
ykkwak@ktng.com
ykkwon@redpot-kr.com
yklee@prestoliteasia.co.kr
ymed2007@hanmail.net
ymet@yonsei.ac.kr
ymr1782@naver.com
ynlee@keyang.co.kr
ynnjk@naver.com
yonghwan.kwon@cj.net
yongseok.jeong@yemaek-id.com
yongseokpark@lgcns.com
yoo-jung.cho@nexans.com
yoonh@unist.ac.kr
yoonjoo@eland.co.kr
youn0141@ajulnf.co.kr
young.choi@dediprog.kr
young.choi@gardnerdenver.com
young@com2us.com
young@neonanotech.com
young@taeyangmetal.com
young_don_park@ap.pall.com
youngkim@jdmpcb.com
youngwon@youngwonmd.co.kr
youngyool@nate.com
ypelec@youngpoong-elec.co.kr
ys01124@mindseyes.co.kr
ysha@dmsleadwire.com
ysj@c-r.co.kr
ysroh@hospitalbed.co.kr
ystar.eom@gmail.com
ytae27@nate.com
yuguntech@naver.com
yujin@eugenemc.com
yunhyeong0819@gmail.com
yunjk@korealife.com
yunjs@sscctv.com
yunjumg777@gmail.com
yunmedical@yahoo.co.kr
yusung1543@hanmail.net
yusung21c@yahoo.co.kr
yyji@mke.co.kr
yyw2001@dnpe.co.kr
zaro4416@gmail.com
zenith21@kolon.com
zircon@thefaceshop.com
ziwon0702@naver.com