007seyo@naver.com
0148ks@hanmail.net
02548kim@naver.com
0308@i-sy.com
0317684121@bestsm.co.kr
0511park@specore.com
0525sj@nanoleds.co.kr
1129shin@sunwoost.com
11505@yjmotor.co.kr
123@asteel.co.kr
16617399@daum.net
1979misun@hanmail.net
1sdc1054@nate.com
2001kdm@hanmail.net
2002dmc@hanmail.net
2004sid@hanmail.net
218130@ccr.co.kr
21c-yujin@hanmail.net
21onlyyou@naver.com
225-4285@hanmail.net
22712@hitel.net
22gini@hanmail.net
282yuhwa@xnsystems.com
2huni@soojong.com
3001@galed.co.kr
3310352@hanmair.com
3957fa@naver.com
4563882@skinc.co.kr
6332828@paran.com
68092116@hanmail.net
77dong2@korea.com
77spray@hanmail.net
7800@worldtech21.co.kr
790718kim@hanmail.net
79daehee@naver.com
82jihee@hanmail.net
8647@chol.com
9535775@joongwons.co.kr
9asteel@hanmail.net
a005@seilkorea.com
a2439@hanmail.net
a6010301@naver.com
a930622@naver.com
abc@withsys.com
abj0520@naver.com
ac@daeryang.co.kr
ac@grinding.co.kr
acc@autoalga.co.kr
acc@jinwoongtech.co.kr
acclee@samyung.com
account1@kostec.net
account@atlastech.co.kr
account@imoxion.com
account@smtech.co.kr
account@sungbohe.co.kr
account@tenc.co.kr
account@twowins.com
accounting@glovebox.co.kr
accounting@gsti.co.kr
accounting@vcnc.co.kr
accounts@mabine.co.kr
ace2640@hanmail.net
ace9000@daum.net
ace9798@ienteco.com
ace@acetns.co.kr
ace@aramhuvis.com
acebuy@aceindco.com
acelee76@k-won.co.kr
acesy@hanmail.net
acevalve@chollian.net
ach@samil25.co.kr
acorn2059@nate.com
act@dddok.co.kr
act_gp@msotek.com
adico@hitel.net
adkone@hanmail.net
adm21@admglobe.com
admi@spacesolutions.co.kr
admin01@ispark.kr
admin1@raraohm.com
admin@addtec.co.kr
admin@aspic.co.kr
admin@chowis.com
admin@digitalsense.co.kr
admin@drtech.co.kr
admin@futronic.co.kr
admin@gameara.com
admin@hlcast.co.kr
admin@ihantec.com
admin@ikinagames.com
admin@ilshins.co.kr
admin@infraauto.com
admin@jd-media.co.kr
admin@jem21.net
admin@jisiklog.com
admin@koba.co.kr
admin@komeco.net
admin@moltex.co.kr
admin@peoplechair.co.kr
admin@powwel.com
admin@shauto.co.kr
admin@sunjinjonghap.com
adonis5u@naver.com
aduelove@naver.com
aem1265@hanmail.net
aem8133@kijoo.co.kr
aero0192@hanmail.net
aerosoljoo@empal.com
aettech@paran.com
ag2056@cntt.co.kr
agness@imc.co.kr
ahj1220@nate.com
ahn3025@kebi.com
ahn@hw-extruder.com
ahndw_1010@ahainc.co.kr
ahwon-lube@hanmail.net
aims@aimskorea.kr
airmoon101@naver.com
airyu2002@empal.com
ajex@ajex.co.kr
ajh@shtech.co
ajinmold@chol.com
ajw2002@hanmail.net
akhj0711@naver.com
ako0020@hanmail.net
akseb1@naver.com
akwwkd79@atauto.co.kr
alim9310@hanmail.net
all@tbe.co.kr
almomi@lami-nex.com
alphachem@inkmate.co.kr
alsdk224@hanmail.net
alwe2@hanmail.net
alyssa.lee@fstc.co.kr
am9114@kornet.net
amb12480@hanmail.net
amenin70@nate.com
amsgg6@yahoo.co.kr
amt8066@naver.com
amteq@amteq.co.kr
anamje@hanmail.net
andromeda8@nate.com
anh1360@nate.com
anhchun@doochpump.com
anjg59@yahoo.co.kr
anke6800@naver.com
anlovecoll@yahoo.co.kr
ann@thedentalsolutioninc.com
anna2772@drgem.co.kr
anna@adby.me
anolz@qrion.com
ans1560@daum.net
ans@bcnc.kr
ansantec@chol.com
ansp6988@shsp.co.kr
ansungind@kornet.net
antares6@ehwaind.co.kr
antdoor@yahoo.co.kr
antipoto@poongyang.net
antiroot@gmail.com
antrox@antrox.co.kr
antsungkr@daum.net
anttkorea@naver.com
any3116@hanmail.net
anytek01@jobkorea.co.kr
aosdlee@hanmail.net
ap5621@artpan.co.kr
apexdiakorea@naver.com
aqua1000@naver.com
ara@sekonix.com
arafat96@nate.com
aram4330@kornet.net
aran_0321@ionics.co.kr
areum@dainpower.com
areumst@hanmail.net
areumteo@hanmail.net
aridge@rayhouse.com
arim0272@empal.com
arrive207@hanmail.net
art@worldprint.co.kr
artsanitary@hanmail.net
as201@ansung.co.kr
asan0314@hanmail.net
asan@asanfw.com
asb001@sntek.com
asdf9027@yses.kr
asetec_scm@naver.com
ashley@everdigm.com
asiabolt@hanmail.net
asiaint21@gmail.com
asialoy@hanmail.net
asj@elimdmp.com
assistant@esencia.co.kr
ast4@samsungast.co.kr
asu79@hicvalves.com
asung@asungvalve.com
atack2004@naver.com
atlas@yura.co.kr
atom3257@hanmail.net
atom@koreasemitech.com
audis@paran.com
augertotal@naver.com
austin6789@hanmail.net
autocon1@chollian.net
avatec@dreamwiz.com
ayojina@9flava.com
ays@dotech21.com
b-ostaiyo@hanmail.net
b1388@hanmail.net
bagi@signtelecom.com
bakerypk@korea.com
ballman30@naver.com
banaba21@naver.com
bandoche@hanmail.net
bandoria@korea.com
bangawoyu@hanmail.net
bangic@naramt.com
bangjuzzang@naver.com
banzil1019@hanmail.net
baram2001@hanmail.net
barcoda@nate.com
baroco@baroco.co.kr
batdolmi@hotmail.com
bbja@mainlineit.com
bbk8284@daum.net
bcdoor@hanmail.net
bchoi@hayaco.com
bclim@ajuhitek.co.kr
bean0121@orchem.com
beariren@hotmail.com
beautys1004@naver.com
becokim@kweather.co.kr
bega13@naver.com
bekseol0901@naver.com
bell93@daum.net
bendits@naver.com
benny_kim@byletechnology.com
besa@besablade.com
besidekk@gmail.com
best@bitplus.co.kr
bgkim@saeyang.com
bhchoi@mecharonics.com
bhflex@kornet.net
bhkim@andk.co.kr
bhkim@au-sensor.com
bhlee74@diabell.co.kr
bhmin@hannamcorp.com
bhpark@koolance.co.kr
bhs8853@nate.com
bhwa@nate.com
biba@sehwa.biz
bijeong@robocube.co.kr
bill-ie@daeholtd.co.kr
bill@asadal.com
bill@cncmold.com
bill@devsisters.com
bill@pri.kr
billyjoel@landf.co.kr
bio-01@hanmail.net
bioptro@hanmail.net
bis353@naver.com
bisafe@kornet.net
bisan@hanmail.net
bishon@samshintechwin.co.kr
biz@aimsak.com
biz@climbx.com
biz@jhmold.com
biz@nowbusking.com
biz@orionind.co.kr
bj.lee@thestd.co.kr
bjbless77@hotmail.com
bk5309@chol.com
bkh@wonbong.com
bkl@backkwang.com
bkmin@pnscorp.kr
bks5425@nate.com
bksys.staff@gmail.com
bktex3@bktex.co.kr
blacksyy@hanmail.net
bladekjo@jsitsystem.co.kr
blue@ptkorea.co.kr
bluegreeness@nate.com
bluehert@naver.com
bluver2001kr@yhaoo.co.kr
bm.park@smhvac.com
bm30@lycos.co.kr
bm@whayoung.co.kr
bmfood@hanmail.net
bmkwak@withtech.co.kr
bnfeng@kornet.net
bnkim83@cvpad.com
bo0505@sangick.com
bobaeson@naver.com
bobby67@nate.com
boeunmt@empas.com
bokrae@lgchem.com
bomi311@paran.com
bomyung@chol.com
bonazizibe@comed.co.kr
bond@hyundaitech.co.kr
bonghyuk@empal.com
bonhong.gu@naviworks.com
boosungeng@hanmail.net
boowoo20@bosungmetal.co.kr
bori9280@naver.com
bosc02@hanmail.net
bowonmetal@hanmail.net
boxbit@00db.co.kr
boxchangjo@bill36524.com
boyoungmetal@hanmail.net
brotherpark@nate.com
browse7@good3.co.kr
bry@dongha.com
bryan5668@gmail.com
bs.kang@newtsc.com
bs.kang@turbolink.co.kr
bsbaek@dongjine.com
bsh46@boeim.net
bsim@pjcorp.co.kr
bskhome@yahoo.co.kr
bskim@roven.co.kr
bsmetal@hanmail.net
bst@bst.co.kr
bstp@hanmail.net
bswoo@semiland.net
bteng@hanmail.net
btkdy@btinc.co.kr
bts@gspt.co.kr
btx08@btxvalve.com
bujjang77@hotmail.com
buk6056@nate.com
bukwang@bukwang.com
bumseo@bumseo.com
bumyangk@chol.com
business.yjk@techpro.or.kr
business@evesel.com
buskin@hansunghi.com
busuky@chollian.net
buyoung3@hanmail.net
bwoo@biospace.co.kr
bwpkim@yahoo.co.kr
bwtc@bwtc.co.kr
by5100@naver.com
byhan@earion.com
ca3388@hanmail.net
cadzen@naver.com
calmlife@samchully.com
camomail@korea.com
canan@canan.co.kr
candy204@hanmail.net
capbang@hss.co.kr
capcen@yahoo.co.kr
capchoi@bu-ma.co.kr
captain1j@hanmail.net
carbona88@paran.com
carever@naver.com
cartect@unitel.co.kr
castel4782@naver.com
cayenne@gmail.com
cb8186@naer.com
cbh4462@hanmail.net
cbj3488@gammanu.com
cbk794@incas.co.kr
cbk@oscai.co.kr
cblee@amess.co.kr
cbr260@naver.com
cch4too@naver.com
cch@e-knet.co.kr
cctvall@sscctv.com
cdcom3@cdcom.co.kr
cej3175@nate.com
celee@conn-net.co.kr
cellube30@naver.com
ceo@epicsoft.co.kr
ceo@mwstory.com
ceo@neoact.com
ceo@perfitt.io
ceo@prozeni.com
ceo@speclipse.com
ceoaj@korea.com
ceramic@dplx.com
cerath@cerath.co.kr
cg1010@naver.com
cglalllcgl@naver.com
cgnn8522@naver.com
ch105@hanmail.net
ch87101@naver.com
cha2588@naver.com
chaelee17@hotmail.com
chaichul@hanmail.net
chamlide7@hanmail.net
chamsule@empas.com
chang2936@nate.com
chang606@chol.com
changbo9@kornet.net
changhj@optoline.co.kr
changil7@chollian.net
changrim7@hanmail.net
changun@hanmail.net
changwon583@hanmail.net
changwon@skshot.co.kr
changwoole@gmail.com
changys@bychem.com
chanh@kpt4u.com
chanha70@naver.com
chanyoung.jung@woosungautocon.com
chdyeing@hanmail.net
cheilacc@cheil-wiring.co.kr
cheol0515@naver.com
cheonilco@hotmail.com
chhan0752@gmail.com
chhj9116@nate.com
chj1025@shinjinmtec.co.kr
chjh666@atechsolution.co.kr
chjung@cu911.com
chjung@seagreenfood.com
chkim@sjpc.co.kr
chlgood@paran.com
chlwus@naver.com
chm4389@hanmail.net
cho2182@paran.com
cho821125@hanmail.net
cho@kkst.co.kr
chobs@korchip.com
choe0521@hanmail.net
choi0663@naver.com
choi5867@ohsungec.com
choijunhuyk@hanmail.net
choikd82@hanmail.net
choikyungjin@wemb.co.kr
choims@icepipeled.com
choiyb@digitalhdc.com
chojeongha@parkandopc.com
choms@sanjeon.com
chong@kiyasaka.co.kr
chorbrf@yahoo.co.kr
chosil@nate.com
chowookhun72@naver.com
choyoung@ctech.co.kr
choze2@doorien.com
chpark@dukshin.com
chris@dyrollent.com
chriskim@dyltd.co.kr
chs0514@miniprinter.com
chs8158@naver.com
chs@ahpro.co.kr
chti2151@daum.net
chul@gnifrix.com
chulls@unitel.co.kr
chulsik@empal.com
chulsu1044@han-sung.co.kr
chun@admotech.com
chungcol@kornet.net
chungha@fishcutter.co.kr
chunghwatt@hanmail.net
chungwoon93@hanmail.net
chwoon_2000@yahoo.co.kr
chy@xinics.com
chyang@dasuong.com
chyj@iglse.com
ci027780@naver.com
cih0242@naver.com
cindy@korps.co.kr
cizer108@texchem.co.kr
cjboo@bmikr.co.kr
cjgang@ssckkj.com
cjh8987@hanmail.net
cjh@e-sm.co.kr
cjkim@woojinhitech.com
cjkook2000@korea.com
cjsl33@nate.com
cjw8512@daeshin-agr.com
cjy6576@astk.co.kr
cke@eunsungind.com
ckeng33@naver.com
ckhee77@hanmail.net
ckkim@itcomm.co.kr
ckkwon@sammicomputer.co.kr
ckqudtjr@nate.com
ckr0118@e-pia.co.kr
clareson@vlt.co.kr
cle@metabiomed.com
click7004@nate.com
clim@seffice.com
cloverjns@hanmail.net
clpharm@clpharm.com
cm@daegu.korea.com
cmd1@djship.net
cmlee@msplt.com
cmlee@woniktelcom.co.kr
cmr841@fursys.com
cms3804@haengsung.com
cncbae@hanmail.net
cncmecca@chollian.com
cnctec@empal.com
cnftech@yahoo.co.kr
cnmg75@speel.co.kr
coboy81@nate.com
cocoa1029@naver.com
cocomiri@mincoms.com