coinos@unitel.co.kr
comax@comax.kr
compkorea_jr@naver.com
comwins@comwins.com
cont@samwoo82.co.kr
contact@designgj.com
contact@electrine.co.kr
contact@hanil-21c.co.kr
contact@hexafactory.com
contact@medintech.co.kr
contact@microsystems.co.kr
contact@mobilint.co
contact@nearthlab.com
contact@pmgrow.co.kr
contact@rootsensor.co.kr
contact@solid-vue.com
contact_konad@hotmail.com
conveyor@sungwoo7.co.kr
cookies28@nate.com
cool8283@webcash.co.kr
copower2@unitel.co.kr
corejewelry@hanmail.net
coresp@unitel.co.kr
cosmoit@cosmoit.com
cotech2681@daum.net
cow928@korea.com
cpmryu@dkvascom.co.kr
cpsuprt@coolcheck.co.kr
creep1214@nate.com
crkim@finecom.co.kr
cruid@skonec.com
cs-palymer@daum.net
cs1631@chungsolchem.com
cs@acrosentec.com
cs@charmson.co.kr
cs@yahotec.com
cse@greencse.com
csh2352@hanmail.net
csh@balem.com
csh@boditech.co.kr
csi2000@nanopowder.co.kr
cslim@kukdongelecom.com
csm7957@gmail.net
csm@inbus.co.kr
cssw@sesung.com
cst7766@naver.com
cstech0225@daum.net
cstlhj@cstflex.com
csyang@sangs.co.kr
csywave@yahoo.co.kr
ctetech@ctetech.co.kr
cthgym@bkcoalloy.co.kr
ctpt114@ctpt114.com
cuishuqing7@nate.com
cultguy@toptech21.co.kr
cuseeme@kornet.net
cw.park@e-ppn.com
cwe2000@cweng.co.kr
cwj1995@kornet.net
cwkim@inviteit.co.kr
cwlee@cadworks.co.kr
cwlee@seoilsp.com
cwmd@chonwootech.com
cwpark@eunkwang.net
cy.jeon@sungameng.com
cy303@chollian.net
cybermed@cybermed.co.kr
cyh817@winteckorea.net
cyj1210@dstel.net
cyjun@sifg.co.kr
cyld@wy.co.kr
cylee@asungeng.net
cyoujung76@naver.com
d04420@hitel.net
d15210@nuri.net
d8217043@nate.com
dabom-pj@hanmail.net
dacanyyg@unitel.co.kr
dado@geninenetworks.com
dae2779@chol.com
dae4892@nate.com
dae9496@chollian.net
daeaind@chol.com
daedong-c1@hanmail.net
daeduktech@hanmail.net
daedurk@bill36524.com
daeha@daeyoungone.com
daeil@daeilsys.com
daeilleather@korea.com
daeilmlb@hanmail.net
daejin91@chollian.net
daejinsan@korea.com
daejung6837@hanmail.co.kr
daejungma@korea.com
daelim@dlchem.co.kr
daemi2165@naver.com
daepai@naver.com
daeryuk@drfco.com
daesan@grindmachine.com
daesanmetal@hotmail.com
daese@daese.com
daesebox@yahoo.co.kr
daesung2030@lgesuppliers.com
daesung@daesungmail.co.kr
daesungids@hanmail.net
daeuyoung@legesuppliers.com
daeyee@daeyee.co.kr
daijinpr@yahoo.co.kr
dain@ridicorp.com
dalim@dalim.co.kr
danbi@nooslab.com
dangken02@conet-sys.co.kr
daniel@i-kst.com
danny@hifil.co.kr
danny@p-tech2000.com
darkdash@vctech.co.kr
darkelaim@hanmail.net
darkgun00@hotmail.com
dasan@da-san.co.kr
dasco@dasco.co.kr
daseul7566@hanmail.net
dastone@naver.com
dau01@kornet.net
daum112@nate.com
david.kim@f-core.co.kr
david@ominpkorea.com
davidkim605@gmail.com
dawnskyhigh@krtec.co.kr
dawonchair@naver.com
dawonprc@paran.com
db5206@kornet.net
dbcokr@chol.com
dbeco1@chol.com
dbjang@neowithnet.com
dbkkorea@chollian.net
dblee@daouxilicon.com
dbtech@dbtech.kr
dcmoldgp@chol.com
dcp@dcplcd.com
dcpol@paran.com
dd1757@chol.com
dd2011@yahoo.co.kr
dd4471@nate.com
ddaggi5@hanmail.net
dddfly@unitel.co.kr
ddemco@ddemco.co.kr
ddhouse@hso.co.kr
ddimt2390@naver.com
ddk0560@naver.com
ddkorea86@nate.com
ddoan@hanmail.net
deeos73@nate.com
deeph1787@naver.com
demkor@demkor.co.kr
denver.jeong@shmtc.co.kr
depute@hodi.co.kr
deream77@sungmin.com
design@bp-korea.com
designyh@korea.com
desk@cybercvs.com
desk@kwsys.com
dgc21c@kornet.net
dgk6401@hbjoint.com
dgmetal@unitel.co.kr
dgoring@chol.com
dh.kil@asentec.co.kr
dh2635@dhpic.co.kr
dh8608@naver.com
dhe@daehong-elec.co.kr
dhec5711@hanmail.net
dhheat@chol.com
dhjeong@neotecs.co.kr
dhjung98@bhtg.kr
dhkim@youngjin-pi.co.kr
dhks@lycos.co.kr
dhlee@foosung.com
dhlee@zebec.co.kr
dhmana@chol.com
dhoh@3hvision.com
dhpjob@hanmail.net
dhprintech@lycos.co.kr
dhrjddl@withcorp.co.kr
dhs@cybow.com
dhs@wonik.com
dhseo@robobuilder.net
dhshin@enaindustry.com
dhshin@somansa.com
dhtjdrb@cctv.co.kr
dhtube@chol.com
dhtubeco@chol.com
dhxfeel@hanmail.net
diamondssy@hanmail.net
dicapac07@dicapac.com
dig1940@nate.com
dimold@chol.com
dj2@daeji.co.kr
dj8085@naver.com
djdad1@hanmail.net
djdns98@yahoo.co.kr
djp9933@hanmail.net
djpl@paran.com
djscania@empas.com
dk001@kimchi21c.com
dk2864585@hanmail.net
dkc@dkc.co.kr
dkchoi@dalma6.co.kr
dkec4277@chol.com
dkhoist@korea.com
dkkbk@edk.co.kr
dkkim@dukji.co.kr
dkkim@keysung.com
dkm@dkpc.co.kr
dkmkorea@hanmail.net
dknp@dknp.com
dkp2006@hanmail.net
dkpark@swplant.com
dkr2001@naver.com
dkswns21c@cymyutec.co.kr
dkt@daeko.co.kr
dkyang@dbsilicone.co.kr
dl1001@daelimlab.com
dm05@dm-tec.co.kr
dm119@tentsu.co.kr
dm4405@chol.com
dm@form.co.kr
dmatm@hanmail.net
dmeng@dreamwiz.com
dmitkor@naver.com
dmject@kornet.net
dmkim@dhelect.co.kr
dmshin3s@naver.com
dn382@chol.com
dnd@idnd.com
dndele@dndele.com
dneng@dno.co.kr
dnpc00@chol.com
dntech@dn-tech.co.kr
do4454@empas.com
dodokwon@naver.com
dogmoonkorea@naver.com
dona134@hanmail.net
donam@donam.net
donbill@don21c.com
dong-jin@dong-jin.com
dong5051@bill36524.com
dong9084@chol.com
donga126@kornet.net
donga4144@naver.com
dongahoist@hanmail.net
dongbang@steeldoor.com
donge74@hanmail.net
donghom2@naver.com
donghwa@lgesuppliers.com
donghyuk11@hanmail.net
dongil2641@naver.com
dongil5341@hanmail.net
dongil@lgesupports.co.kr
dongin1982@hanmail.net
dongin9848@hanmail.net
dongkk@unitel.co.kr
dongmyung7492@hanmail.net
dongnamq@chollian.net
dongr@chol.com
dongsak11@hanmail.net
dongseo@dsdisplay.com
dongsinpi@hanmir.com
dongwon@dwpump.co.kr
donheung@hitel.net
donkan1@nate.com
doodoo90@hanmail.net
dooson@doosoni.com
dorian@cyberdigm.co.kr
dormito@korea.com
dotec@dotec.co.kr
doumit@empal.com
dowon2332@hanmail.net
dowon@ktspe.com
doyoengin@naver.com
dpchoi@ko-mtech.com
dpkim3321@hanmail.net
dpokr@naver.com
dr1533@daeryung.net
dream1855@naver.com
dream201@naver.com
drmt2005@hanmail.net
drpcb@chol.com
ds.lee@willtechnology.co.kr
ds0821@chol.com
ds11@dsnw.net
ds1837@hanmail.net
ds29khc@woogenebng.com
ds5325@chollian.net
ds8331@daum.net
ds@3-one.co.kr
dsbag6677@hanmail.net
dschoi@e-ziko.com
dsci@dsci.co.kr
dsco@hitel.net
dse@semids.com
dsebearing@korea.com
dsgad@diaflx.com
dsht@ktnet.co.kr
dsi@dsi.co.kr
dsing8317@naver.com
dsj99@hanmail.net
dsjjh@dusontec.com
dslock@naver.net
dsmetal@chol.com
dspark@psdin.com
dsppm@unitel.co.kr
dss@dongseoulsys.com
dsshin@prestoliteasia.co.kr
dssong@main-tech.biz
dstax@ducksanbj.co.kr
dtex@daeyoun.co.kr
dualjin7@naver.com
duck1852@hanmail.net
duckmyung-co@hanmail.net
duckwoo@duckwooco.co.kr
dudtjs33@hanmail.net
dujinmc@korea.com
dukjin78@ystech21.co.kr
duri@durimitec.com
dustnl@dwjm.co.kr
dut@chollian.net
dw024@hanmail.net
dw9988@lycos.co.kr
dwadmco@megapass.net
dwdwkpc@chol.com
dwe0130@mail.nuri.net
dwelectric@daum.net
dwem@naver.com
dwjeon@haemcom.com
dwjeong@yuminst.co.kr
dwkim@flexcom.co.kr
dwkim@hycon.hk
dwpharm@dwpharm.co.kr
dwpusan303@dongwon.com
dwstec@hananet.net
dxx17254@hanmail.net
dy1473@cho.co.kr
dy2626@kornet.net
dy9800@hanmail.net
dycord@dycord.com
dycore@hanmail.net
dydrkfidks@hanmail.net
dyeltec@dyeltec.com
dyetco@kornet.net
dyflon@chol.com
dyjun55@hanmail.net
dyknife@dyknife.com
dylee@bteng.co.kr
dylt@dylt.co.kr
dymkd@dylpg.com
dynepump@gmail.com
dyscyg@chol.com
e.dbswjddo67@naver.com
e6402@hanmail.net
eacho@kmetro.co.kr
eakyong@apmworld.co.kr
ebizhr@ebiznetworks.co.kr
echa@digital-echo.co.kr
ecocar@ecocar.co.kr
ecoset@bill36524.com
edvat1@ed.co.kr
edwin@yuhapack.com
eecdy@chol.com
eee888e@hanmail.net
eehh0710@toptec.co.kr
eel2004@naver.com
ehchoi@furence.com
ehchoi@newflex.co.kr
ehddbs486@cymyutec.co.kr
ehijo@nextech-corp.co.kr
ehjeun@hanmail.net
ehsds@hmm21.com
ehwa282@naver.com
ehwa@ehwa.ne.kr
eilchem@hanmail.net
ejdhlee@hanmail.net
ejkim@gtechsystem.com
ejshim@u-tech.com
ejtektj@dreamwiz.com
ejy@neonet.co.kr
ejy@sunautodoor.com
ejyoo@intercreative.co.kr
ekhico@eunkwang.net
ekkang@chca.co.kr
ekpass@hanmail.net
eky002@hotmail.com
eled@daum.net
elf502@naver.com
elijah@zemiinc.co.kr
elle0401@naver.com
emfirst@nate.com
emkim@myung.co.kr
emwoo@coretec.co.kr
energy@enerkeeper.com
energy@swta.co.kr
engeld@neontech.co.kr
engplus40@naver.com
enterprisech@naver.com
entersite@naver.com
enying7302@kortcom.com
eopark@becomesolution.com
eound83@nate.com
eq@eqmaxon.com
esbaek@stepsystem.com
esero@anode.kr
eskim@mvint.co.kr
eslee@wgsd.co.kr
espark@com2us.com
espark@ezgeo.com
essen7@essentech.co.kr
estechkr@naver.com
ester20@kornet.net
esyou@iwillmed.com
etax@kowonmetal.com
etax@nawoo.com
etay@basicteck.co.kr
etech67@korea.com
eun2sook@nate.com
eunandeuna@naver.com
eunhamc@hanmail.net
eunji2526@pnctech.co.kr
eunji2526@pnctech.com
eunju.lee@koreamould.com
evanl@oickorea.com
eve9864@tj22c.cm
ever0502@naver.com
evercos@evercos.com
ewang@naver.com
excelite@doohee.com
executive@mirae21c.com
executive@nalda-factory.com
export@scec.co.kr
eychoe@gokis.co.kr
eykim@hansantech.net
eyooil@eyooil.com
eyretel@naver.com
facecap@naver.com
fact.assist@samaventure.com
fam9520@chol.com
fci_insa@fci.co.kr
feelingcom@hanmail.net
feels2@myphil.com
ffg@sunflexo.com
fifa2002@kokam.com
finance@whashin.com
finback@hanmail.net
finebreaker@ymail.com
finecircuit@bill36524.com
finedisc@finedisc.co.kr
fineft@kornet.net
finesi@finesi.co.kr
fineth@unitel.co.kr
fint@finecorp.co.kr
fjqm0312@dawonsys.com
flextube@korea.com
fmanager@jwjm.com
fn@mobillfactory.co.kr
foamboard@artfoam.co.kr
focus490@xenoenergy.com
focusyon@hanmail.net
foolboy2@nate.com
forever13970@hanmail.net
formroll@nownuri.net
fortify@sgtech.co.kr
fostec9356@fostec.co.kr
free-kdh@hanmail.net
free12259@nate.com
freelgy@naver.com
freshtown@live.co.kr
friendmax@hyst.co.kr
frpmaster@naver.com
funnynam@naver.com
fuso@fuso.co.kr
futuremain@futuremain.com
g-3@g-3.co.kr
g7344@yahoo.co.kr
ga1109@kbgroupkorea.com
ga@kenotec.co.kr
gaab@iselec.com
gadin1@nate.com
gamasj@entech.biz
garbat2@empal.com
garnet0416@naver.com
gat.h@hitrol.com
gbcha@u-tel.co.kr
gboy2002@naver.com
gbsong@firedoor.co.kr
gc.lee@uni.re.kr
gcvp@chollian.net
gdleewha@leewha.net
ge0417@hanmail.net
gec@geosan.co.kr
gemini_ws@hizeaero.com
gemizip@naver.com
general@fodics.com
general@kstel.com
general@pora.com
general@romanson.com
general@samgong.co.kr
general@samwoncobra.com
general@semyung-elec.com
genexix@di-c.co.kr
geon105@ndmold.co.kr
geonhwa@yahoo.co.kr
geopia@geopia.com
gg4970@naver.com
ggusan11@naver.com
gh@geohwametal.com
ghham@seondo.co.kr
ghhan@asflow.com
ghhong@yest.co.kr
ghjung86@mapgroup.co.kr
ghkwon@inno-wave.co.kr
ghlrptk2000@hanmail.net
ghy0124@hanmail.net
giamind@hanmail.net
giengplan@gieng.com
giga2301@hanmail.net
gihwabb11@idq.co.kr
gihyeon@scsl.co.kr
gikim@ieg.kr
gilho.lee@onegene.com
gimin.park@humanscan.co.kr
gimjj@hanmail.net
girl@eco-led.co
giving74@biomk.com
gkfn1994@ujinenamel.co.kr
gkhwang@sibt.co.kr
glassant@dreamwiz.com
gmeng00@hanmail.net
gmgm7626@wonilsteel.co.kr
gnt@hynux.com
god3umbra@hotmail.com
godsi@epp.co.kr
godsknight98@hanmail.net
gogomusin@nate.com
gogotiny@paran.com
goismo@yahoo.co.kr
gokjhong@yahoo.co.kr
goodi@itgen.co.kr
goodsa82@naver.com
gosaehwa@hanmail.net
gowls25@dotnamekorea.com
gplee@acewavetech.com
gplove05300@yahoo.co.kr
gpnpcb@chol.com
gpt@gptkorea.com
gr@korval.co.kr
gracia757@naver.com
grifo@haiyang.co.kr
gsace@gsace.com
gsb9540@hanmail.net
gshyun@intechwave.com
gsinnotec@hanmail.net
gsk@nprt.co.kr
gskim@kevis.co.kr
gskim@yes01.co.kr
gslee@phychips.com
gspark@onits.com
gstech@bellowss.com
gsunion6630@hanmail.net
gtkim@crevis.co.kr
gtkim@pakatex.com
gts2000@gts2000.co.kr
gtscien@hanmail.net
gubong0157@hanmail.net
guenheeda@gmail.com
gumbangy@sooil.com
gun@g2.co.kr
gust1327@hanmail.net
gwyneth777@nate.com
gy5368@chol.com
gyhwang@urijd.com
gyowoo@hanmail.net
gyson@elimopt.co.kr
gyusuj@dyetk.com
h1004sy@hanmail.net
h2419134@naver.com
h6403@chol.com
habdong@lgesuppliers.com
haekmans@danal.co.kr
haeseng1@hanmail.net
haesung6678@naver.com
haewon@haewon.net
haha1220@nate.com
hahami11@naver.com
hahasukun@daihansci.co.kr
hak1144@hanmail.net
hak@aikr.co.kr
hakenen@naver.com
hakspark@unitekno.co.kr
halim5454@bill36524.com
hallago@chol.com
hallims@unitel.co.kr
hamilco@yahoo.com
han4640700@hanmail.net
han581@naver.com
han@gowow.co.kr
hana@hanaisd.com
hana@hetec.co.kr
hanadeco99@hanmail.net
hanaentec@hanmail.net
hanamsteel@hanmail.net
hanbitgo@hanmail.net
hanbkyu@hanmail.net
handcream@nate.com
hando21m@hotmail.com
hando6023@hanmail.net
handok9706@hanmail.net
handokel@hanmail.net
handol@handolpumps.com
handukbr@yahoo.co.kr
haneko@nate.com
haneun@haneun.co.kr
hangilpcb@naver.com
hangjin-ins@hanmail.net
hangong@hyune.co.kr
hangui@kait.co.kr
hanho99@hanmail.net
hanhwang@naver.com
hanil.jajae@gmail.com
hanil7082@hanmail.net
hanileng4@korea.com
haniltnc@haniltnc.co.kr
hankook@shaft.kr
hankookem@hanmail.net
hankr@kebt.co.kr
hanm1955@hanmail.net
hanmatic@korea.com
hanmec88@naver.com
hanmi-e@hanmail.net
hanminglass@hanmail.net
hannano@paran.com
hannc@hanmail.net
hannuri@yuyang.co.kr
hanse114@hanmail.net
hansen@hansen.co.kr
hanseo24@nate.com
hanseo_power@naver.com
hansh@spg.co.kr
hanshin-e@hanmail.net
hanshin@hanshin1988.co.kr
hansol9831@hanmail.net
hansoung10@hanmail.net
hansungbolt@hanmail.net
hansungreo@hanmail.net
hanwh@hanmail.net
hanyangtr@naver.com
happyb_d@naver.com
happybal@landf.co.kr
happygirls@cyberwin.co.kr
harddog79@naver.com
hardworkkorea@gmail.com
haum1@kobiznet.co.kr
hbae2000@kyra.co.kr
hbkim0801@naver.com
hbko@neopis.kr
hccho@yujinms.co.kr
hcd4422@unitel.co.kr
hcg@cwcom-tech.com
hchang21@lycos.co.kr
hcjung@jygnt.com
hckim@centrex21.co.kr
hckim@sentrol.net
hckim@yeonhapsystem.co.kr
hcyoo@snstech.co.kr
hd@handoktech.com
hde@hdenet.com
hdh2981@wooridulpharm.com
hdm2518@naver.com
hdpcb99@chol.com
hecl21@chol.com
hehe1630@sscontrol.co.kr
hei1158@hanmail.net
hek80@nate.com
hekang@dreamwise.co.kr
help@artiq.kr
help@bando.biz
help@kumbuchia.com
help@subnara.com
help@tncshark.com
helpdesk@samwonfa.com
henney@kyungan.co.kr
heosk@kimielectronics.co.kr
heung@ktnf.co.kr
heyjip@naver.com
hg.kim@infitrans.com
hg1@chollian.net
hg7983@cisro.co.kr
hgahn@apsystems.co.kr
hgest@daum.net
hgjeong@samcokorea.com
hgkang@hanjootech.co.kr
hgkim@woojinplastic.om
hgmold@chol.com
hgmoon@datazone.co.kr
hgoh@nao-tech.com
hgpark@orient.co.kr
hh5014@daedongcorp.kr
hh8855@hanmail.net
hhchic@chol.net
hhgg8988@unitel.co.kr
hhhong@gsmedi.com
hhi@izex.co.kr
hhj5131@hanmail.net
hhshim@tgrape.com
hhspro@hanmail.net
hicho@comtrue.com
hide0321@cosmolink.co.kr
hihong@q-sys.co.kr
hiim@dawootelecom.co.kr
him@himcoltd.com
hinoir@hanmail.net
his79@hanmail.net
histen@histen.co.kr
hitech@chollian.co.kr
hitman@ecis.co.kr
hj3878@chol.com
hj5277@hanmail.net
hj5696@goodpartners.co.kr
hj6871@innocast.co.kr
hj9360091@naver.com
hj_jeong@rgt.kr
hjapyo@rpmtech.co.kr
hjh@jibtech.co.kr
hjha@hites.co.kr
hjhwng@hanmail.net
hjinlee@iwmold.com
hjjeon@hanjin.com
hjjeon@ncctannrey.com
hjju@i-sealon.com
hjk713@gmail.com
hjkim950@symec.com
hjkim@comesys.net
hjkim@linkic.co.kr
hjkim@tesk.co.kr
hjkr1004@hanmail.net
hjkwon@dsjm.co.kr
hjkwon@woosukeng.com
hjlee@himsint.com
hjlee@l2ysilicone.com
hjlee@uplexsoft.com
hjlim@autech.co.kr
hjlove902@solariver.com
hjm1224@techheim.com
hjmarco@hjmarco.com
hjmc0510@lycos.co.kr
hjmlyr0825@nate.com
hjpark@anapa.com
hjpark@kei.co.kr
hjs0324@wonst.co.kr
hjs@comizoa.com
hjsok415@hanmail.net
hjson@hyungkuk.com
hjung@ieckr.com
hjyoo@eskw.com
hjyu@ener1korea.com
hk-bs@hk-bs.com
hk.choi@pocns.co.kr
hk.do@daesung.net
hkc@huvitz.com
hkcelite@hkcon.co.kr
hkchoi@mogaetextile.com
hkcoat@paran.com
hkelect8@chol.com
hkhitech@kornet.net
hkhk7977@hanmail.net
hkjeon@lamiace.com
hkkim@gst-korea.com
hkkim@siflex.co.kr
hklee@melatone.co.kr
hklkorea@kornet.net
hkm@heungkuk.co.kr
hkmin@cubictek.co.kr
hks@hshf.co.kr
hksteel@hanmail.net
hktr@korea.com
hkvalve@hkvalve.net
hky8637@naver.com
hl3080@naver.com
hmbang@cntechcorp.co.kr
hmc6719@yahoo.co.kr
hmchon@jdt.kr
hmh2120@nate.com
hmhwang@bnftech.com
hmjung@rpnetworks.co.kr
hmkim@empal.com
hmkim@markany.com
hmlee@adtech21.com
hmr002@ktnet.co.kr
hms@powermax.kr
hnam@bjopto.com
hnjjkk@chol.com
hnkim@satreci.com
hnp0406@unitel.co.kr
hns6140@hanmail.net
hnseong@e-onetech.com
hnyun@micube.co.kr
hoho3326@hitel.net
home@samwon.co.kr
hong7573@hanmail.net
hongcrom@naver.com
hongs@komotek.com
hongyar@youyang.co.kr
hoon9749@imtsoft.org
hosan@sjpsu.com
hostmaster@onlinetour.co.kr
hot9803@naver.com
houns9@aim-fa.com
howss@howss.co.kr
hoyong@harnics.com
hpc@i-hpc.com
hr2@sunjinchem.co.kr
hr60716@chol.com
hr80@spsemi.co.kr
hr@company100.com
hr@fungrep.com
hr@led-lighting.co.kr
hr@onoffmix.com
hr@san-games.com
hr@yejimiin.com
hr_admin@infrasoft.co.kr
hrd@iteck.com
hrd@songsantech.com
hrkim2@nurivista.com
hrm@opticis.com
hrpark@lichtzen.com
hs3150@nate.com
hs425141@unitel.co.kr
hs5117@chol.com
hs97001s@naver.com
hs@hsdgt.com
hs@lkglobal.kr
hsbolt@hsbolt.co.kr
hsbrg@hsbrg.com
hscci@hanmail.net
hscho4@gnmtechinc.com
hsehi@yahoo.co.kr
hshan@galolkorea.co.kr
hsj228@hanmail.net
hsjung@goelement.co.kr
hskang@foodwell.com
hskim@dhene.co.kr
hskim@inno-max.co.kr
hskwak@rlk.co.kr
hskwon@kijeon.co.kr
hskyoo@ymc-inc.com
hsl@hansols.co.kr
hslee@dwheat.co.kr
hslee@e-day.com
hslee@hit21.com
hslens@hslens.com
hslim@willdo.co.kr
hsm1988@daewoo.com
hsna@hkopto.com
hsp0701@hanmail.net
hsp@jinsung.cc
hspoly@hspoly.co.kr
hsryu@terasemicon.com
hsshin@jungwon.com
hswoo@mcnex.com
ht8080@hanmail.net
htace2000@yahoo.co.kr
htchung@atec.kr
htjang@scair.co.kr
htkim@gen.co.kr
htlee@rgbht.com
htseng2009@chol.com
huckho@hanmail.net
humanhp1999@hanmail.net
humbill@bill36524.com
hunisa@hanmail.net
hunrim2873@hanmail.net
hunt1004@chol.com
huntt99@xeogen.com
huny0292@nate.com
hurevqa@hurev.com
hurmy@nutribiltech.co.kr
hvd1129@nate.com
hw748@chollian.net
hwajin@hwajin-corp.com
hwajinkj@naver.com
hwang@smart-ele.co.kr
hwayoung@daeyong.co.kr
hwintl@unitel.co.kr
hwiwon.lee@gmail.com
hwj8750@daemo.co.kr
hwjang@snfsol.com
hwjung@bksnp.com
hwoh@epworks.co.kr
hwon@dreammirac.com
hwui_bum@hjci.co.kr
hy.kim@jemkorea.kr
hyautotec@kornet.net
hye840203@hanmail.net
hye9194@hanmail.net
hyeaji.ma@amphenol-sensors.com
hyejee0408@nate.com
hyerim@wnekorea.com
hyg@jiwonmt.com
hygu@jinsoul.co.kr
hyh@citek.co.kr
hyind@soback.kornet.net
hykim@prinics.com
hykim@rpm-kr.com
hykim@srcroll.com
hyna@manuli.co.kr
hyo000@hanmail.net
hyoung3247@hanmail.net
hysoonmo@hanmail.net
hyuncheol.kim@dabon.co.kr
hyundai2772@naver.com
hyung11121@naver.com
hyungmid@naver.com
hyunjoo94@yasoled.com
hyunn03@plaspo.co.kr
hyunsshin@nsouls.com
hyunsu76@hotmail.com
hyunsuk@wonyoung.co.kr
hyup0415@unitel.co.kr
ian@ant-holdings.com
iankim@syfm.co.kr
ibang33@yahoo.co.kr
ibas8220@naver.com
ibd@dgwdyeing.koreasme.org
ibkim@sansu.co.kr
icarus@dumc.co.kr
icg2848@hanmail.net
icicle1004@nate.com
ickorea@cardnsoft.com
id@icover.kr
idealsys@idealsys.co.kr
idjay@endss.com
idxkr@hanmail.net
iedax@hanmail.net
ifly9140@i-fly.co.kr
iheriana@hamail.net
ihjang@dongilcap.com
ihpark@woowahan.com
ihyang@fctech.co.kr
ihyun@acskr.com
ij100142@lycos.co.kr
ijh@doohwa.co.kr
ijjung@losszero.com
ik2311@kornet.net
ikaroose@imytec.com
ikchoi@samwon21.com
ikjeong@3om.co.kr
ikkim@swcircuit.co.kr
ikmetal@hanmail.net
ikson@ckline.co.kr
ildoog@naver.com
ilhead@unionmedical.com
iljinvan@yahoo.co.kr
ilsan@ilsan-ind.co.kr
ilshin2ng@hanmail.net
ilshinmail@hanmail.net
ilsin5111@empal.com
ilsung1995@yahoo.co.kr
ilsung1@kornet.net
ilsung70@kornet.net
ilyang@iycom.co.kr
imbinim@naver.com
imhbin@shfine.com
imyang@itall.net
imye1997@hanmail.net
imyong82@hanmail.net
inbox@samwonpt.co.kr
incarter@duruan.co.kr
incpi@incpi.co.kr
indianss@nate.com
infeso@infeso.com
info.dsduct@gmail.com
info@akaintelligence.com
info@curiochips.com
info@daeyangsoft.co.kr
info@daeyeong.co.kr
info@dhwin.co.kr
info@dnabreaker.com
info@dongseomecha.co.kr
info@dpeco.com
info@dynaforce.co.kr
info@huinno.com
info@i-skylabs.com
info@inta.kr
info@letinar.com
info@neoauto.co.kr
info@netsarang.com
info@neurosense.co.kr
info@ronfic.com
info@shinilchemical.net
info@smartradarsystem.com
info@studiogale.com
info@sungilfa.co.kr
info@taehan-enc.com
info@todaysquare.com
info@tvision21.com
info@utoce.com
info@vaultcreation.com
info@wellysis.com
info@yasung.com
inforsite@jpoly.co.kr
inhani@naver.com
inho-park30@hanmail.net
injkim@kmbiz.com
inka25@scrl.co.kr
inmokkis@lycos.co.kr
innsang@vcrkorea.co.kr
inorga93@samwha.com
inotec2@hanmail.net
inotouch@inotouch.co.kr
inpackglobal@hanmail.net
inpark@bmc1.bizmeka.com
insa@daejung.kr
insa@ghi.co.kr
insa@hanjinind.co.kr
insa@kmac.to
insa@pointnix.com
insa@sejintel.com
insa@spolytech.com
insung-2@e-te.co.kr
insung@leesung.com
intae@sjec.co.kr
integrity39@naueng.com
intelsteel@intelsteel.com
interbrid@interbrid.co.kr
interojo@interojo.com
interpjk@hdprocctv.com
intersales@stworld.net
intin@intin.kr
intops22@intops.co.kr
intrise@intrise.co.kr
inutech1@hanmail.net
inwoosystem@naver.com
iofty1004@nate.com
iokksj@hotmail.com
irmt@chol.com
is-tec@hotmail.com
is8156644@naver.com
isaac@ibsolution.co.kr
ish@edasco.co.kr
ishan@saladbowl.kr
ishwang@seoulpharma.com
isois@hanmail.net
istek@istek.co.kr
itc21@itc21.co.kr
itcha@aproele.com
itotem@naver.com
its007@empas.com
itself2000@naver.com
iwkim@zepe.co.kr
iylee@irealhub.com
izs100@nate.com
j.hageun@hungaforming.com
j1hj1h@yahoo.co.kr
j9460@chol.com
j@gph.me
ja4156@hanmail.net
jac02@chol.com
jacie@igaworks.com
jack@lsware.co.kr
jacob@wktech.kr
jae-seo.park@takomatech.com
jae-sud0204@hanmail.net
jaeho.lee@dsglobal.net
jaehun-y@naver.com
jaeilfnc@jaeilfnc.com
jaeilsanupsa@naver.com
jaeseok.lee@oerlikon.com
jaesung.joo@epowersoft.kr
jaeyub02@hanmail.net
james@3rlab.com
jang02sy@hamail.net
jang2015@myungjinpack.com
jang2029@naver.com
jang9me@naver.com
janggh@qsilaser.com
janghwan.han@hantec.co.kr
jason@batterist.com
jatuli@empas.com
jav2010@hanmail.net
jawoos0427@assems.com
jay@imecasys.com
jayoo722@hanmail.net
jbill62@hanmail.net
jbkim@acddisplay.co.kr
jbkoh@hanmail.net
jblee@ddmvs.co.kr
jblee@visualshower.com
jbshim@kohyoung.com
jc@rezontech.com
jcbyun@primetech.or.kr
jccj6520@hanmail.net
jch3323@nate.com
jci0606@kicl.co.kr
jcj@syhc.co.kr
jcjin@sjhimech.com
jcko@hansit.co.kr
jcp7227@nate.com
jcstech@unitel.co.kr
jcw65@limscom.co.kr
jdj1521@union.co.kr
jdwr@blueside.co.kr
jechung@hwabaek.co.kr
jeeok@besko.co.kr
jeffoh912@arun-world.com
jeil0920@nate.com
jeilmold@chol.com
jeils1301@hanmail.net
jeimsdim7@hotmail.com
jeje7862@hanmail.net
jejung@mkp.kr
jelee@flowbus.com
jelna@naddic.com
jenny@metiscomm.co.kr
jennykim@daeintech.com
jeong.huh@smemfg.com
jeongcheoll@lsis.com
jeonghwan.park@infac.co.kr
jeongsuk.ban@fullohm.kr
jethro@si-hightech.com
jeul9tgh@gmail.com
jeungwoo@yahoo.co.kr
jgj@tck.co.kr
jgkim@shelevator.co.kr
jglee@bsrnd.co.kr
jgunin@weppy.com
jh.lee@daebongls.co.kr
jhadmin@jh-eng.co.kr
jhahn@nstc.co.kr
jhbang@korvanchem.kr
jhbrake@jhbrake.co.kr
jhc7452@hanmail.net
jhch012@kuhnil.com
jhcheon@neotis.co.kr
jhcho1906@hanmail.net
jhcho@nylonkorea.com
jhchoi@anieng.com
jhenp1996@jhenp.co.kr
jhhong@sdtech.co.kr
jhhyeon@wetech.co.kr
jhj@daesan24.com
jhjung@entecene.co.kr
jhkang@wooribyul.co.kr
jhkim0303@emw.co.kr
jhkim82@asanpharm.co.kr
jhkim@brain-net.co.kr
jhkim@gnsauto.co.kr
jhkim@korbi.com
jhkim@lubchemkorea.co.kr
jhkimno1@ibslab.com
jhkoo@mek-ics.com
jhlee2@hanaamt.com
jhlee@3sref.com
jhlee@any21.co.kr
jhlee@bdsic.co.kr
jhna@nawootec.com
jhoh@maxoncic.com
jhoh@samwha.com
jhp@dwhrd.com
jhpark@gmmold.com
jhpark@soribada.com
jhr@mbcable.co.kr
jhs1199@thrunet.com
jhs72@dsnw.net
jhs@digitaloptics.co.kr
jhshin@digital-bio.com
jhsung@robotics.co.kr
jhwoo@any-host.info
jhyoon@3splanner.com
jhyou@nexensor.com
jian1206@naver.com
jietech@chol.com
jieun@onycom.com
jihoon.lee@neoflam.com
jihsyk@kornet.net
jihye@yoisys.com
jihyun.lim@nucaremed.com
jiko@i-spec.co.kr
jilee@rfhic.com
jin.kim@eternalenter.com
jin06929@koares.com
jin366@iljintech.com
jin4omi@hanmail.net
jin6060@chol.com
jin7555@chol.com
jin@ancle.kr
jin@tekpoint.com
jin@voolean.com
jinasia@jinasia.com
jinbu@jbrubber.co.kr
jinee@hyungsung.com
jinhoh60@yahoo.co.kr
jinhyun9994@naver.com
jini-901@hanmail.net
jini9545@sejongmaterials.co.kr
jini@atoonz.com
jini@naravision.net
jinilsf@kornet.net
jinjin1122@finealtech.com
jinkk0727@hanmail.net
jinkyoung_kim@routejd.com
jinnam@woolimplant.co.kr
jinny@no-ad.co.kr
jinsaninfo@nate.com
jinsco@chol.com
jinsu9896@hanmail.net
jinsung.cho@techwing.co.kr
jinsung@jinsungref.com
jinsung@lgesuppliers.com
jinsunge@chol.com
jinsungkr@yahoo.co.kr
jintech@jin-tech.net
jiny@simsimi.com
jinyoung1029@bill36524.com
jinyoung@jinyoung.com
jipcb@chol.com
jisang88@unitel.co.kr
jisk@sestco.com
jisungind@hanmail.net
jitow@playauto.co.kr
jiwoo@jiwooelec.co.kr
jiyoungkim@cmic-cmo.co.kr
jj2328@hanmail.net
jj@smgear.co.kr
jjang78c@sjnts.com
jjddpp@paran.com
jjh@spackage.co.kr
jjhs30@i-tork.com
jjihee@noknok.co.kr
jjin5573@yahoo.co.kr
jjinkwak@hanmail.net
jjj@hyesung.biz
jjjang@inclux.com
jjjeong@jaewon.co.kr
jjm811@woowon.com
jjongji47@hanmail.net
jjs3289@naver.com
jjtools@naver.com
jjw3031@hanmail.net
jjw7938@saturn.co.kr
jjw@daeharex.com
jk.park@isehq.com
jkahn@centech.kr
jkj0388@inswave.com
jkkim@blisspack.com
jkkim@powerland.co.kr
jkkim@sw-ant.co.kr
jkkim@viatech.kr
jkkkco@chollian.net
jklee@juhofishing.com
jklee@um-t.kr
jklim71@micro-bank.co.kr
jklim@framas.co.kr
jkpark@singsong.co.kr
jkrhee@power-quality.co.kr
jks6730@yahoo.co.kr
jktech@jktech.co.kr
jkyoo2002@yahoo.co.kr
jm.kim@spacesoft.kr
jm001@kgsilicone.co.kr
jm2921@daum.net
jm4442@empal.com
jm5626@thejbl.com
jman@yetech.co.kr
jmc1135@naver.com
jme6900@chol.com
jmega636@gmail.com
jmg0830@hanmail.net
jmiyoo@jmikorea.com
jmjo@systeceng.co.kr
jmk1600@empal.com
jmk6717@kings.co.kr
jmk@locuskorea.co.kr
jmkim1019@hanmail.net
jmkim@rsupport.com
jmlee@gnbseng.com
jmlee@withsystem.co.kr
jmmold@hanmail.net
jmtkorea@hanmail.net
jmulbae@hanmail.net
jmvc@chol.com
jmyoon@daeryukmetal.co.kr
jmyun0116@empas.com
jnb@jnbeng.com
jnbyun@itchem.co.kr
jnchoi@eccov.com
jnltech@jnltech.co.kr
jnng2h3@gmail.com
jnpcore@hanmail.net
joar@prolangs.co.kr
jobs@st.co.kr
jobtekl@hanmail.net
john13@hanmail.net
john@skfnc.com
joisjo@naver.com
jonathan@worldwel.com
jong@upc.co.kr
jongdo17@naver.com
jonghap@jhpolestar.co.kr
jonghyunkim@pyongsan.co.kr
jongsu02@jdctech.co.kr
jongsuk.son@hscolor.co.kr
joo@uno-system.com
joo_younge@naver.com
joohoo1@yahoo.co.kr
jooky@ynhenc.co.kr
joon@enesol.com
joony94@nate.com
joosammi@chol.com
joosmcc@paran.com
joothwa@unitel.co.kr
joseph@ytstar.co.kr
joun1491@essetel.com
joy@chromait.co.kr
joy@pravis.co.kr
joykim333@hotmail.com
jpharm@korea.com
jplim@shmicrotech.co.kr
jrt@jrtfa.com
jrtlim@cafeel.co.kr
js.park@hcmp.co.kr
js1458@itstar.co.kr
js1815@hanmail.net
js5944@paran.com
js@nanosm.com
js_chang@whanam.net
jsam1111@unitel.co.kr
jsamobh@hanmail.net
jsbae@iwells.co.kr
jsd@resetsnow.com
jsfence@fence.co.kr
jsh@cschem.co.kr
jshwang@scco.co.kr
jsjang@innores.co.kr
jsk327@naver.com
jsk467@sbb.co.kr
jskang@1sbb.com
jskang@daewon21.co.kr
jskim1@keyrin.com
jskim@shinwoopolytechs.co.kr
jsl9141@naver.com
jslee@kdcorp.kr
jslee@ovio.com
jslee@sias.co.kr
jsm1004@masco.biz
jsmold6118@naver.com
jsmoon@dongsungprinting.com
jsoh@i-sens.com
jsp369@lordbrain.co.kr
jsshin@alchemymold.com
jsshin@e3ps.com
jst8266@hanmail.net
jsung@poohung.co.kr
jswon@asemtech.com
jsyoon@hansuk.co.kr
jt0420@chol.com
jt@jtmold.com
jth@dycmc.com
jtj613@hanmail.net
jtw9617@hanmail.net
ju0669@naver.com
ju7982@osung.co.kr
ju_neung@naver.com
judm@chol.com
judy@fpakorea.co.kr
juh5678@yahoo.co.kr
juho3789@daum.net
juin5694@chol.com
jujanne@softfamily.com
jujin8010@kornet.net
juju6303@yahoo.co.kr
jujung@bowon.co.kr
julang31@naver.com
julyoct@hanmail.net
jun@clo.co.kr
junbl@junbl.com
jung386@kornet.net
jung5915@nadatel.com
jung987@logosbio.com
jung@anser.kr
jungbo98@hanmail.net
jungh.lee@kewtea.com
jungjk@duzon.com
jungmh@kodi-s.com
jungmin@lgesuppliers.com
jungwooemc@jungwooemc.co.kr
jungwooi@jungwooi.co.kr
jungyoun@seyeon.co.kr
jungys@artware.co.kr
junhan@ensof.co.kr
junholee@gabia.com
junoklee@nsstudio.co.kr
junsil@powermax.kr
junwonn@chollian.net
jusamil@naver.com
jusms@chollian.net
justinck@entech.biz
jw6510@naver.com
jwa@jinwoongair.co.kr
jwheo@zenith21c.com
jwjang@samco.kr
jwkang@ptk4u.com
jwkim@hcr.co.kr
jwkim@iautogen.com
jwkim@youngdiecasting.co.kr
jwkimlove@enbgroup.co.kr
jwlee@softcamp.co.kr
jwlee@soyagreentec.co.kr
jwnoe@iseeyou.co.kr
jwoo7201@hanmail.net
jwt5643@hanmail.net
jwtech12@hanmail.net
jy2222@ubiforum.co.kr
jycho@samicktech.co.kr
jyd0191@nate.com
jyj@smartop.co.kr
jyjang@firsted.co.kr
jykim93@samkook.co.kr
jykim@baewoon.kr
jykim@kidsnote.com
jylee@dsafe.co.kr
jylee@jangjung.co.kr
jylee@pqtech.co.kr
jyleec@yahoo.co.kr
jyleejylee@ymail.com
jyliftup@jmtechkorea.com
jymsjoin@hanmail.net
jyokjw@hanmail.net
jyoung@medien.co.kr
jyoung@tnp21.com
jypark@coolnlight.com
jyrc@chol.com
jyryu@itinc.kr
jys@chemoptics.co.kr
jyseo@amtpacific.com
jyunjoo@tanhay.com
k100815@hanmail.net
k1090614@lycos.co.kr
k162443@hanmail.net
k2hwjj@naver.com
k3519986@naver.com
k9225008@nexpa.co.kr
k9743321@kornet.net
k_r@hanmail.net
kahaca@naver.com
kang3737@lycos.co.kr
kang@pjems.co.kr
kangdna@semcast.co.kr
kangjy113@jellycoaster.com
kangsp7@hanmail.net
kangst@saferzone.kr
kangta@pungkang.com
karaminc@naver.com
kawaii@lnkbiomed.com
kayakum123@k3i.co.kr
kayla@four33.co.kr
kayu1701@daum.net
kb0819@yahoo.co.kr
kbigbowl@hanmail.net
kbjeong@iljinnts.com
kbko@welgate.com
kblee@exsoft.co.kr
kbsc1122@chol.com
kbsikn@naver.com
kcbill@iccp-mgps.com
kch@sisinc.co.kr
kchhwan@deuckin.com
kci@kcispray.com
kcj@iquest.co.kr
kcm520@naver.com
kco7574@naver.com
kcshin@cameratimes.co.kr
kcsoltech@naver.com
kd6885@naver.com
kd9888@hanmail.net
kddeco777@hanmail.net
kde@engistech.com
kdfaco@korea.com
kdhwang@cobis.co.kr
kdj7815036@nate.com
kdj_sawoo@hanmail.net
kdk@willbesnt.com
kdmfc1@kornet.net
kdpark@hanjoometal.com
kdpoa01@hanmail.net
kds0648@nexplus.co.kr
kds@kmec.co.kr
kdseal@korea.com
kdshome@naver.com
kdyeon@vizro.com
keco@unitel.co.kr
keem449@naver.com
keenest@hanmail.net
keh@casatech.co.kr
keh@digital-qtum.com
kej@mirho.co.kr
ken@editech.co.kr
keptok@isamil.co.kr
keumsug@keumsug.co.kr
kevin@qrontech.com
kevin@vitzrotech.com
kevin@wheelchair.co.kr
key0130@core-sys.co.kr
key2533@yahoo.co.kr
key7862@chol.com
kf1652@ppp.kornet21.net
kfcmd@ikfc.net
kfmc89@chol.com
kg0666@hanmail.net
kgb0514@kt-is.co.kr
kgc0846@hanmail.net
kghostd@korea.com
kgs0335@hanmail.net
kgs2000@naver.com
kgsjmk@hanmail.net
kgss@dlogixs.com
kgt0928@won-jin.net
kh8088@chol.com
khan@naver.com
khc6221@naver.com
khd2784@kornet.net
khee0310@senus.co.kr
khelen916@devico.co.kr
khg6038@naver.com
khj@vertexid.com
khjeon@seahsa.co.kr
khk0202@netblue.co.kr
khk@shinhyup.co.kr
khko@bn21.co.kr
khlee@apet.co.kr
khlee@saehimit.com
khm@naraenano.com
khnamgung@hkcb.co.kr
khnt@khnt.co.kr
khp8609@hanmail.net
khs005478@hanmail.net
khs8625@daum.net
khs@matrix.com
khs@peachvalve.com
khson@korea.com
khsoon@samkwang.org
khy@medipresso.com
khy@sonicworld.kr
khy@winforsys.com
khyuns007@isalmax.co.kr
kict@kimcoct.com
kig@kigmotor.co.kr
kihyoun.cho@jokwang.co.kr
kiki4001@samwoometal.kr
kiki5262@hanmail.net
kikimao@naver.com
kiljs@goodtel.biz
kim21ct@daum.net
kimbohan@bistos.co.kr
kimc@imc7200.com
kimdb65@hanmail.net
kimem@swauto.co.kr
kimhi729@hanmail.net
kimhs@jmcorp.co.kr
kimhw@a2m.co.kr
kimi1102@naver.com
kimjangsu1008@hanmail.net
kimjm@ndteng.co.kr
kimjs@uet.co.kr
kimmj03@dsv.co.kr
kimyh771@naver.com
kimys2222@visionxasia.com
kimys@otos.co.kr
kimyw@icrean.kr
kingrichpark@naver.com
kip@kip.co.kr
kipyung01@yahoo.co.kr
kirim1@korea.com
kirincos@hanmail.net
kisan1@kisanjj.com
kitar0987@nate.com
kitn1004@twohyun.co.kr
kj3031@taw.co.kr
kj36508@naver.com
kj92-so@dongiltech.co.kr
kj949094@gmail.comm
kjasb@mymedios.com
kjf@ikjf.co.kr
kjh@navraykorea.com
kjhsb@hanmail.net
kji@jain.co.kr
kjkim@techcross.com
kjkim@vp-korea.co.kr
kjlee@imetis.co.kr
kjm@eseyoung.com
kjm@primatech.co.kr
kjsun@add2paper.com
kjta3000@naver.com
kjtae6501@hanmail.net
kjtqqq@daum.net
kjunghwa@victek.co.kr
kjw9719@pactech.co.kr
kjw@ajusteel.co.kr
kjw@appdisco.co.kr
kjy@azothbio.com
kkb1002@bmkorea.kr
kket@hanmail.net
kki@idif.co.kr
kkj045@yahoo.co.kr
kkj3347@naver.com
kkj@libeka.co.kr
kkk4373@ucsit.co.kr
kkm0410@hanmail.net
kkmi0506@hanmail.net
kkonji78@nate.com
kkplan@hanmail.net
kks0924@hamail.net
kks@arintech.co.kr
kks@kusmi.co.kr
kksco@unitel.co.kr
kloet@btrust.co.kr
km4029@chol.com
kmc04259@kornet.net
kmeng@km-eng.com
kmginc@naver.com
kmh5860@naver.com
kmjung@mmetal.com
kml6264@naver.com
kmlee@nt-korea.co.kr
kmmt@kuka.co.kr
kmnam88@naver.com
kmpark@thinkers.co.kr
kms191102@nate.com
kmy813@sedae.co.kr
knb@semitera.com
knightshin@booyoungtextile.co.kr
knkim@visionhitech.co.kr
knmold@chol.com
knocklhs@taeyang.co.kr
knopy@kos.co.kr
kns@dongkun.com
kny0310@msgas.co.kr
kny9400@naver.com
ko3515@nuri.net
ko9057@hanmail.net
kocage@chol.com
kodacro@kornet.net
kodia@kotis.net
kodiscom@kornet.net
koemcom@korea.com
koj72@ophit.com
kola1881@bill36524.com
komed@komed.com
komex@chol.com
komotec1@chol.com
kon1956@hanmai.net
koojg@rudders.co.kr
koreatech1@naver.com
korma@hitel.net
kosan00@hanmail.net
kosekitaro@naver.com
kosong@tae-seung.co.kr
kothi@paran.com
kovictory7@daeseung.co.kr
koya406@hanmail.net
kp9627@naver.com
kpubot@hanmir.com
krd230@sinjungwoo.com
kreat@gameus.co.kr
krhwang@mnee.com
krib123@hanmail.net
krinc@korea-robot.co.kr
krjung@powertro.com
ks603@chollian.net
ksa@adrftech.com
ksangin@seondo.co.kr
kscho@kcsltd.co.kr
kseng9300@hanmail.net
ksg2503@hanmail.net
ksh13516919@hanmail.net
ksh9614@hanmail.net
ksh@motortronics-korea.com
kshp@keonsae.com
ksi286@hanmail.net
ksi@ksimes.co.kr
ksjsyoun@hanafos.com
ksjung@sentechkorea.com
ksk249@naver.com
ksk7660@naver.com
kskim1121@mmtech.co.kr
kskim6330@hanmail.net
kskim@cstworld.co.kr
kslee88@nate.com
kslee@chunji.co.kr
ksm2707@hanmail.net
ksm@allm.co.kr
ksmin@whisung21.co.kr
ksmt@ksmgrs.com
ksn8286@naver.com
ksrichard@naver.com
kssf@intizen.com
ksshin@kocn.co.kr
ksvalve@kornet.net
kswkd@sunaerosys.com
ksy6166@itswell.com
kt.park@wise-m.co.kr
ktad9686@gmail.com
ktb4612@naver.com
kte@kte.co.kr
ktg1362@hanmail.net
kth0908@robostar.co.kr
kth@eonworld.com
ktkim@daejindmp.co.kr
ktkim@inter-m.com
ktkim@ydonline.co.kr
ktkjinbo@ihcs.co.kr
ktmcoltd@bill36524.com
ktroll@ktroll.co.kr
ku6355@unitel.net
kug6514@pssoftapps.com
kuhong@elcos.kr
kuiwon@gmail.com
kumho0900@hanmail.net
kumhomedal@naver.com
kumkangpipe@yahoo.co.kr
kumwooltd@kumwooltd.com
kumyoungco@hanmail.net
kunho77@imamt.com
kunwooet@korea.com
kuyeol.oh@epapyrus.com
kw56@chol.com
kwakchun1@naver.com
kwang@kuhsan.co.kr
kwangmo3777@hanmail.net
kwchoi@saehyun.com
kweon01@seoho.com
kweon45@naver.com
kwh8403@naver.com
kwonmj@kjchem.com
kwonyun@n2a.co.kr
kwplaco@hanmail.net
kwrhee@wisefn.com
kws@dsmaref.com
kwshoe@chol.com
kwslee54@yahoo.co.kr
kwsuh@suhilfrp.com
kwt@kwtech.co.kr
ky9133@kornet.net
kya@dongjooap.com
kyb9692@woobotech.com
kyebal69@dreamwiz.com
kyh754@hanmail.net
kyh988@kasnet.co.kr
kyho1212@unitel.co.kr
kyieng@hanmir.com
kyj0538@empal.com
kyjoung@sfood.co.kr
kykim@hyojin.co.kr
kylee@hanchangenpla.com
kyodark@fineit.net
kyoh@boowon.co.kr
kyon@minifinity.com
kyoto85@naver.com
kyp@kobiznet.co.kr
kys1973@motus.co.kr
kys9801@geosungtech.co.kr
kyt1421@nate.com
kyu@mould.co.kr
kyumi0314@naver.com
kyung-dong@hanmail.net
kyunganc@hotmail.com
kyungmin@boogong.com
lady0124@nate.com
lamong@daum.net
lapping@lycos.co.kr
lbh117@naver.com
lbl93@bressindustry.co.kr
lbs@samhwadang.co.kr
lcpm@laser-center.co.kr
lcs1715@naver.com
ldbeom@chol.com
ldspwb@chol.net
ldw857@caworld.co.kr
leanme@gamevil.com
lebeind@unitel.co.kr
lee.sanggyu@aerotvbing.com
lee0302@unitel.co.kr
lee8765@hanafos.com
lee@autobrain.net
leedw798@vieworks.com
leedw@otos.co.kr
leegold01@yahoo.co.kr
leegy01@hanmail.net
leegy7130@naver.com
leeik79@kavas.co.rk
leeinho@hitecis.co.kr
leejg@iljin.co.kr
leejy@tnl.co.kr
leejy@xeonics.co.kr
leekh@leesos.com
leekyom6463@yahoo.co.kr
leemr@newtechplus.co.kr
leeno@leeno.co.kr
leesc@dhbb.co.kr
leesg@sm-eng.net
leesh@hnyang-p.com
leesk@3dcontrols.co.kr
leesk@hironic.com
leesk@sqisoft.com
leesw@iacetech.com
leewonma@chol.com
leewy@osung.net
leeyd@hsvalve.com
leeyh@akochem.com
leeyouho79@hanmail.net
leganza34@naver.com
letty779@sgoilless.co.kr
lgkingpc@naver.com
lhc3934@lycos.co.kr
lhk7249@nate.com
lhs4591@naver.com
lhs6630@naver.com
lhs7451@hanmail.net
lhy@hdsr.co.kr
lhyrose@hanmail.net
lift@hanmail.net
light@iklamp.co.kr
lik501@hanmail.net
lilith@mv21.co.kr
lim3191@nate.com
limegreen@morris.co.kr
limgahyung@irlink.co.kr
limywoo@illcwang.com
linktek@netsgo.com
linokim@ukbkorea.com
liveyangs@hanmail.net
ljc7922@naver.com
ljh@vitzrotech.com
ljhakstp@hanmail.net
ljsfirebird@interweb.co.kr
ljw6677@hanmail.net
ljy3795@gmail.com
lkeng@lkeng.co.kr
lkg@astems.co.kr
lkh@pemtron.com
lkhitech@naver.com
lkj8257@naver.com
lkk0627@sjem.co.kr
lksys@daum.net
llbukjdll@kolmarpharma.com
lmh8966@joilaero.com
lmh@eutronix.co.kr
lmi@kisane.com
lmj4559@hanmail.net
lms@datawide.co.kr
lmsunmi@nate.com
logos1021@hanmail.net
longtime@dreamwiz.com
looseol@ekyungwon.co.kr
loreal@dawoosealant.co.kr
lose2711@gnimicrowave.com
louren@tgate.co.kr
love4751@silkroadcnt.co.kr
lovei212@naver.com
loveyou00@jeio.co.kr
lp5972@naver.com
lpg1516@naver.com
lsh011422@naver.com
lsh0120@plcosmetic.co.kr
lsh1998@sym.co.kr
lsh9222@naver.com
lsi@operon.co.kr
lsm0628@miraewinch.com
lsm2010@creta.co.kr
lss8102@goossen.co.kr
lsw@ono.co.kr
lswjjh00@hanmail.net
lth4447@jinkwang.co.kr
lucius@daeati.co.kr
lululab@lulu-lab.com
luster01@hanmail.net
luster02@hanmail.net
luv6468@hotmail.com
luvfitting@ihsungtech.co.kr
lvs@lvs.co.kr
lwch72@dwcable.com
lwjrose@naver.com
lwk8585@hanmail.net
lycian1102@flexpe.co.kr
lyh@sm-korea.com
lyj332@solva.co.kr
lyk4955@hanmail.net
lylose707@naver.com
lym5862@nate.com
m-tech9339@daum.net
m10091001@e-jinyang.co.kr
m2l36987@m2l.co.kr
madezzong@dosanet.co.kr
mag@dyteco.net
magt@shmc.kr
magtech@magtech.co.kr
mahan@aircuve.com
maia1202@nate.com
mail@dong-a-mt.co.kr
mail@greenoid.co.kr
mail@naonint.com
mail@ulalalab.com
main_70@naver.com
maintain@shehwa.co.kr
maks@designmade.com
maksu@nate.com
malpyo@malpyo.co.kr
mana@dywelder.com
mana@jawon.co.kr
mana@tapkorea.net
manag2@dongbangchem.co.kr
manage@imtec.com
manage@linetech.co.kr
management@kangaroo.co.kr
manager@dragon.co.kr
manager@esprime.co.kr
manager@exelway.com
manager@nitkorea.com
manager@sonusys.co.kr
manager@sunhwaa.co.kr
manager@yangjisa.com
manix96@hanmail.net
manpds@dpmtech.co.kr
manskch@naver.com
mansoo.lee@vatecheng.com
mapalhtt@kr.mapal.com
marcho171@hanmail.net
marius@gmit.co.kr
masky77@gmail.com
master@chungja.co.kr
master@cosmoin.com
master@cuenworks.com
master@dangyangdiecasting.co
master@dch.co.kr
master@dhmna.com
master@dyinsul.co.kr
master@genicos.co.kr
master@hanil-const.co.kr
master@hdmi.co.kr
master@hn-tech.co.kr
master@joneind.com
master@jungmin21c.co.kr
master@jyp21.co.kr
master@kimchimat.com
master@kjmedi.co.kr
master@max-tech.co.kr
master@posic.co.kr
master@samhan-steel.co.kr
master@sancus.co.kr
master@sangoh.co.kr
master@seilsac.co.kr
master@shinseongr.co.kr
master@syngho.co.kr
master@taeryung.co.kr
master@tenkorea.co.kr
masterook@i-dongwoo.com
mateus91@naver.com
mattoid@hanmail.net
max4848@naver.com
max@futurewiz.co.kr
max@maxltd.co.kr
maxcom2@bill36524.com
maxonsoft@maxonsoft.com
mazel113@mazel.co.kr
mbmbo@dexcowin.com
mc-kim@ttsc.co.kr
mc@kssline.com
mck@microchem.co.kr
mcm21cokr@hanmail.net
mcyan09@hanmail.net
md@jeiskorea.com
mdfence@naver.com
mdg2001@bjt.co.kr
mdkim77@banseok.co.kr
media0147@junghoenc.com
meedam1004@hanmail.net
meeso@sjseal.com
meists@hotmail.com
mere@dmfit.com
merlin@jellybus.com
metal2855@daum.net
metk@chollian.net
mg@steelformer.com
mgh24@km-c.co.kr
mgk3313@hanmail.net
mgpark@sk-hitech.co.kr
mgt@techline.co.kr
mgyoo@carpckorea.com
mh-park@lcccare.co.kr
mhah@haengsung.com
mhkg@elpowertech.com
mhkim@ksmag.co.kr
mhkim@yudoco.net
mhkwon@kcube.co.kr
mhlee@zin.co.kr
mhnam@sehan.co.kr
mhpark013@coretechsys.co.kr
mhyu@exaenc.com
mi9877799@naver.com
miceo@naver.com
midas0917@naver.com
midas1998@hanmail.net
midlit@nexg.net
miduju@naver.com
migun@hanmail.net
mijeing.im@listem.co.kr
milee@bitzer.co.kr
milpol@kornet.net
milpros2000@yahoo.co.kr
mimc@naver.com
min1917@meritech.co.kr
min@hamonsoft.co.kr
min@intra.myungsung.co.kr
minamina53@naver.com
minasul@naver.com
minchul.park@samkwang.com
minchul1202@weaversmind.com
minhee@crafterguitars.com
minhyun@empal.com
mini2657@nate.com
mini@doowoninc.com
minkim88@naver.com
mioin5340@hanmail.net
miraecom@hanmail.net
mirai@hemming.co.kr
miran@digitalfrog.go.kr
mis@dynazen.com
misoclick@ilrim.com
miss1206@hanmail.net
misun0402@hanmail.net
mixs1@kmink.co.kr
mj0293@daum.net
mj_kang@nojeon.co.kr
mjhong@everchemtech.com
mjjo@cnbtec.com
mjk@hyunbo.com
mjkim@darae.kr
mjkim@glotec.co.kr
mjlee@songam.co.kr
mjmodeljig@chol.com
mjmold3080@hanmail.net
mjsong@samhwaace.com
mjtsr@mjtsr.co.kr
mjy6392@naver.com
mk9996@chol.com
mkflatcoin@gmail.com
mkkim@fasoo.com
mklee@angtec.com
mklee@enotice.co.kr
mko-ghj2004@hanmail.net
mkoh@hanseochem.co.kr
mkpok@nate.com
mkt@greenlabs.co.kr
mma_job@webtizen.co.kr
mneng@manneung.co.kr
mngbjh@naver.com
mobicle@mobicle.co.kr
modelsop@chol.net
mofcpt@chollian.net
mokyang_pkg@naver.com
mokyhi@nate.com
mollra2002@yahoo.co.kr
monga@otoltd.co.kr
monica@bedsorefree.com
monitech06@naver.com
mook3163@hanmail.net
moon@kwlim.com
moon@syopt.co.kr
moon@the-moon.co.kr
moonbg6379@naver.com
moone-2@hanmail.net
moonki@netian.com
moosube@naver.com
morhj@kodaco.co.kr
morning-dew5@hanmail.net
mosh2229@pksv.com
mouchoi@hanmail.net
mp77777@hotmail.com
mqrng@eylpartners.com
mrjihoon@nate.com
mrosang@jinwoosi.co.kr
mrt@maxrotec.com
ms5143@naver.com
ms5747@bill36524.com
ms@slipring.co.kr
msalloy@msalloy.co.kr
mschung@est-in.com
msdo@neopmc.com
mse8100@daum.net
mseo1222@naver.com
mseung77@gsfire.co.kr
msic@msi.co.kr
msj@daein.bizmeka.com
msj@kppzipper.com
mskim@bosanhitech.com
mskim@syeng.net
mskwon@hytronix.co.kr
mslee@masterkorea.kr
mslee@promill.co.kr
msmong@anbgames.com
msna@itdhe.com
msoh32@ballmill.om
mspark@genoray.com
mspark@kcsys.kr
msshin@mslighting.co.kr
mssong@absfil.com
mst@readykorea.com
mstext@nate.com
msticker@yookyoung.co.kr
mstr39@chol.com
msudong@hanmail.net
msy2088@tnts.co.kr
mtwan@waplesoft.com
mudmat315@hanmail.net
munsub.lee@leadtec.kr
mwhan@allesco.kr
mwhong@joeyforlife.com
mwkim@esunggok.co.kr
mwlee@wwsystems.co.kr
mwmine@vmt.co.kr
my@js-system.co.kr
mychoi@sypns.com
myeongsu-park@hanmail.net
myh@coretech21c.co.kr
myinfo@orgio.net
na-byoung-jonge@hanmail.net
nagaihan@freegine.com
nalgs@hanmail.net
nam@meinntech.com
namhogyoung@ms-global.com
namsw@vi-nyl.com
namyunki@naver.com
nanogate@nanogate.co.kr
nanum@nanumic.com
naoss@hisaver.com
nara@naracorp.com
naraco@tarpaulinworld.com
narae10004@hanmail.net
nare1@narefac.com
natural@sungwon-it.com
neetex@hanmail.net
nemo0612@nate.com
neo@bnp21.co.kr
neocom@ncctv.com
neoleems@dreamwiz.com
neoplatech@lgesuppliers.com
neosoft@neochart.co.kr
neoui@clonix.xo.kr
neria2000@nate.com
neta301@naver.com
neverend@truwin.co.kr
newboat@naver.com
newmax2000@lycos.co.kr
newnano21@hanmail.net
newspring@spcl.co.kr
newtech1@hanmail.net
newtel@hanmail.net
nexgem@hanmail.net
nfanclub21@seojincam.com
ngt@daehanultrvision.co.kr
ngyw4963@hanmail.net
nh3512040@naver.com
nh483106_1@nonghyup.com
nice@autowel.co.kr
nimfuman@nimfuman.co.kr
njjo@lycos.co.kr
njkim@chunmasocks.com
njwhej@paran.com
nkdc@nkdc.co.kr
nkeco@chol.com
nkki78@hanmail.net
nktesero@nktechnology.co.kr
no09no@dsam.co.kr
no11ddl@nate.com
no1cctv@chollian.net
nobel1004@hanmail.net
noh0727@dyrm.com
nohsy@nexdisplay.com
noksu2002@hanmail.net
nokwonkr@yahoo.co.kr
nomohoyo@nate.com
nonish@ktnc.co.kr
noohes@drcc.co.kr
now393@naver.com
noxkorea1@nate.com
nrbae@infopia21.com
ns@nswel.com
nsc@nsc.re.kr
nsd@koreansd.com
nsh6031@hanmail.net
nsjeon@jbk.kr
nsk@perfectpower.co.kr
nskim@kjdyna.com
nsmcc@chollian.net
nst@gonst.com
nsu227@naver.com
nucmaster@nuc.co.kr
nuk119@empal.com
nunu7100@naver.com
nview@onlinebada.com
nykcf6121@kornet.net
o.h.lim@j-micron.co.kr
o2@mcscience.com
oae@oae.co.kr
oasis0314@shep.co.kr
oasisykb@yahoo.co.kr
ochoun@hanmail.net
ocs@pn.co.kr
octo88@hanmail.net
octpcb@paran.com
office@loadcomplete.com
office@woosun.com
oh@polycube.co.kr
ohcr@jinjin.co.kr
ohil9927@chol.com
ohohgood@naver.com
ohym@lctech.co.kr
oil512000@yahoo.co.kr
oilsealmoon@jy-oilseal.com
okdvd@artech200.com
okmun@yahoo.co.kr
okv@okv.co.kr
omh@kjct.co.kr
one5242@bcitech.co.kr
oneplant@oneplant.net
onlinetal@netsgo.com
onlylonely@i-on.net
onlysea11@secure-tech.co.kr
operation@bluepepper.co.kr
opto@optonica.co.kr
or-2@hanmail.net
ori6476@naver.com
oscar99@daedongmetal.com
osck7@khserve.com
osh2183@nepco.co.kr
oskwon@sungmi.co.kr
ousung@chol.com
outlook74@hanmail.net
ovs13@samyoung.co.kr
oyangbm@bmtech.net
oyjlove211@hanmail.net
p186@chol.com
p7207@envioneer.com
p7juses7@hanmail.net
pacific@changwongo.kr
paegwun@chol.com
pag3337@naver.com
paman1@kfloat.com
pani2012@hanmail.net
parantec@kornet.net
park0402@dsni.co.kr
park170211@hanmail.net
park1881@naver.com
park@daeryungco.com
park@tekville.com
parking1@handreamnet.com
parkjh@a3sc.co.kr
parkkeum@minjinc.com
parkmanh@hanmail.net
parksh@ecocab.co.kr
parksj@ikbtech.co.kr
parkstae@hanmail.net
parkyw@dypnf.com
partner@seone.com
passion@intellintech.com
pasukun2@nate.com
paul@postelkr.com
pby9074@koreard.co.kr
pc1212@thesuntech.co.kr
pch@dh.co.kr
peace@tpu-foil.com
peacemark@naver.com
per@autodi.com
person@skpcb.co.kr
personal@kdg.co.kr
personnel@kiheung.com
peteryoun@egens.co.kr
pgs8693@naver.com
phc@dongwoosn.com
phdprt@kornet.net
philltec@hnamil.net
phk8093@yahoo.co.kr
phn7@kova21c.com
photron@phorton.co.kr
photron@unitel.co.kr
phtel@hanmail.net
piemax@goodome.com
pillarflange@hanmail.net
pio498@chang.young.co.kr
pje@whoopersoft.com
pjh0702@onestx.com
pjh@dhfood.kr
pjh@jitsys.com
pjh@motorware.co.kr
pjhee1977@duon.co.kr
pjpq@ds-ns.net
pjs1349@yahoo.co.kr
pjs@hans.kr
pkcom@seoltech.com
pkfc@pkfc.kr
pkisg@mirae.com
pkk95@gnetsystem.com
pkm3792@yahoo.co.kr
pkm4461@daum.net
pkok0001@naver.com
pkr3737@hansong.co.kr
plan@s-denti.com
plan@sometech.com
plann@onionsoftware.com
platonic0131@sin-han.com
plustel@unitel.co.kr
pm@pctc.co.kr
pmecho@paran.com
pminam@chollian.net
pmsoo@eleparts.co.kr
pnk@pnkhitech.co.kr
pnkim@seoulpak.com
pnt@epnt.co.kr
pocabis@naver.com
poen4u@naver.com
police631@nate.com
pompeii7@summitsys.co.kr
pona2@ponaflex.co.kr
pooh3621@korea.com
pooh7813@yjmedia.com
popmis@ilwonit.com
posse@choi.com
possessd@jtech-helmet.com
post@smtronics.net
poweriack@hanmail.net
ppp3058@mujine.co.kr
pr060601@powerrex.co.kr
prayer-3@nate.com
press11@chol.com
prettymiju@nate.com
pride@twfood.co.kr
printechkr@hanmail.net
produal@castman.co.kr
programmer@nibens.co.kr
promac504@hanmail.net
propsm@sejoongis.co.kr
prosave@prosave.co.kr
proseagi@hotmail.com
prosper101@hanmail.net
protoact@naver.com
ps@miziing.com
psb1727@nate.com
psb1965@hanmail.net
psb@orchem.com
psjeon@cnegs.com
psl@epons.co.rk
pst@prosmt.com
pstechwin@hanmail.net
psw1213@greenopt.com
psw@iscom.co.kr
psy@protec21.co.kr
pt7573@naver.com
pth@dongha.com
ptr21@naver.com
pungwon2@lgesuppliers.com
pungwon@lgesuppliers.com
purchase@power-genex.com
purchase@samryuck.co.kr
pwb7201@hanmail.net
pyh0911@nate.com
pyhands@hanmail.net
pyryu@kaoni.cm
qbs@qbs.co.kr
qetuo97531@naver.com
qkfaa6521@nate.com
qm@karak.co.kr
qms0@chol.com
qor1819@saehani.com
qqkqqk@greatorigin.co.kr
qqoopp@atsolution.co.kr
qtel@qtel.co.kr
qtlk1234@gmail.com
qusrhkddn@ebims.co.kr
r26560@chollian.net
raara@hanmil.net
rachal@elfama.com
radio50505@naver.com
raghy@aragon.co.kr
rah550505@hanmail.net
rahseong@chol.com
rainbowoptics3l@hanmail.net
randoor@hanmail.net
ranigood@dreamwiz.com
rasid78@luken.co.kr
raven43@korease.co.kr
raynar@raynar.co.kr
rd05@sdtecelc.com
re-cop@hanmail.net
realvip@hhi.co.kr
rebi01@empal.com
recruit@estsoft.com
recruit@hanbiron.com
recruit@nvius.co.kr
recruit@sds.co.kr
recruit@stsc.com
recruit@tomatosystem.co.kr
recruit@vingle.net
recruit@winixinfo.co.kr
redshin74@nate.com
reel@daum.net
reeltec@hanmail.net
regu@ktmed.com
reomagic@digitalcoms.net
rftech@rftech.co.kr
rhaon@rhaon.co.kr
rhdwud@uniooeinc.co.kr
rhea83@i-um.net
ri0604@hanbiteds.co.kr
ria@daeyoungfoods.co.kr
ridge02@ridge.co.kr
ridus83@naver.com
ringbell6180@hanmail.net
ringblower2000@yahoo.com
rinno@rinno.co.kr
rjsgh516@yahoo.co.kr
rks@kckd.co.kr
rlawldms82@nate.com
rlfkdtj@hanmail.net
rmk@bkt21.com
rnd@piomed.co.kr
road3434@yahoo.co.kr
robolife@robo-life.co.kr
robot@eshinwon.co.kr
robotvalley@robotvalley.kr
rocky79@unitel.co.kr
roka2001@naver.com
roporoco93@gmail.com
roy@xcue.co.kr
rsfc77@hanmail.net
ruby3001@naver.com
ruch68@hanmail.net
rudan76@siliconewire.co.kr
run1997@hanmail.net
run21kr@naver.com
runfull@luve.co.kr
rusia750@hotmail.com
ryp@koa-k.co.kr
ryu@kstec.co.kr
ryurose@naver.com
s-k0560@naver.com
s1004un@woorhimecha.com
s21mc@chollian.net
s4879@naver.com
s613401@chol.com
s760716p@nate.com
s76kids@nate.com
s@syntasia.com
sa2daa@settec.net
sabina.kim@kaco-newenergy.kr
saebyukgang@yahoo.co.kr
saeha@kornet.net
saehan3@kornet.net
saehan@shmotor.co.kr
saeik@saeik.co.kr
saeileng@chol.com
saenam1@desiccant.co.kr
saewonmt@hanmail.net
saewoosteel@gmail.com
sajin@atc-kr.com
saker2107@naver.com
sale1@pungsung.com
sales.ybsoft@gmail.com
sales2@kcecctv.com
sales@allone.co.kr
sales@coconutfilter.com
sales@daiwonoptical.co.kr
sales@deesys.com
sales@dhmco.co.kr
sales@dotec.kr
sales@flotron.co.kr
sales@linkoptics.com
sales@mosoptics.com
sales@pusanfitting.com
sales@sns21.co.kr
sales@sp-t.com
sales@sptckorea.com
sales@viewmagine.com
sales@vinssen.com
sales@wesnet.co.kr
salim@topfield.co.kr
salute89@okpcb.com
sam0431@hanmail.net
sam100@siwood.com
sam6381@chol.com
sam8711@unitel.co.kr
sam8901@chollian.net
saman2@saman21.co.kr
sambo33@sbcctv.co.kr
sambo@sambo21.com
samdonghub@samdonghub.com
samdoo14@kornet.net
samesmc@korea.com
samgimi@hanmail.net
samil311@daum.net
samilel@ktnet.co.kr
samji@samji.net
samjin1026@chol.com
samjintarp@yahoo.co.kr
samju@cctvok.com
samkong@samkong.co.kr
samlip@samlipelec.co.kr
samptape@hanmail.net
samsung@sam-sung.co.kr
samu@samu.co.kr
samun001@kornet.net
samwon6671@naver.com
samwon@samwon86.co.kr
samwoochem57@hanmail.net
samyang005@korea.com
sands0205@naver.com
sang-wan_kim@hotmail.com
sang9944@hanmail.net
sanga@sanga.koreasme.org
sangdo1981@naver.com
sangho@koreatechco.co.kr
sangilhero@naver.com
sangji0718@naver.com
sangjun.park@atauto.co.kr
sangshinmc@hanmail.net
sannnae@hanmail.net
santa788@hanmail.net
sanup@samkum.co.kr
sanyoshin@poscom.com
sapjaroo10@global-tops.com
sarah1719@naver.com
sas.america@sasolution.kr
saschoi@hanmail.net
satech100@hanmail.net
sayou@woovac.com
sb1988@korea.com
sb2484@hanmail.net
sbahn@postec.co.kr
sbc1210@yahoo.co.kr
sbc3965@ykmc.kr
sberp@daum.net
sbhan@etech2004.co.kr
sbjcs@hanmail.net
sbkim@gcst.co.kr
sbkim@hado.co.kr
sblee@incruit.com
sbmg3@sambocorp.com
sbpark1954@naver.com
sc3314@hanmail.net
sc@rubbersc.com
scaryama@playplus.net
sccw21@hanmail.net
scene1@unitel.co.kr
scenert@zda.co.kr
scjung@dsrcorp.com
sckang@ssrst.com
sckim@ptnk.co.kr
scl@kortrailer.com
sclee@j-tech.co.kr
scs7028@empal.com
sctele@paran.com
scy3235@naver.com
sd.0218@hanmail.net
sd.park@dong-oh.co.kr
sd33493349@daum.net
sd447@windysoft.com
sdcastech@hanmail.net
sdcjoi@roser.com
sdi7711@naver.com
sdi@dk.co.kr
sdm5796@paran.com
sdp@sdpaint.com
sds04@gdchem.co.kr
sdtc2157@hanmail.net
se4328@hanmail.net
seba@seba.co.kr
sechoi@danusys.com
seco21@naver.com
seco400@kornet.net
secretary@robotis.com
seg@chol.com
sehshin@unitel.co.kr
seidae@seidae.com
seiljm@hanmail.net
seilpc@hanmail.net
seji0385@hanmail.net
sejin1@lgesuppliers.com
sejinfood@naver.com
sejong3258@hanmail.net
seka333@hanmail.net
sekwangeng@hanmail.net
senselon@korea.com
sensys@unitel.co.kr
seobu5700@naver.com
seohk@sateng.co.kr
seohy@miraesoftware.com
seok-beom.kim@weirgroup.com
seon8914@cjprotec.com
seoryong@seoryong.co.kr
seoul@seoulwallpaper.co.kr
servokorea@hanmail.net
sess@sess21.com
sestod@sangshinec.com
seun4641@hanmail.net
seungjae@kryjt.com
seungmin9251@daum.net
seungtae_lim@kjpretech.com
sewoong@sewoong.com
sewoontx@hanmail.net
seyangin@unitel.co.kr
sfc1230@springworks.co.kr
sfe@super-sfe.co.kr
sgd01@hanmail.net
sghwang@gst-in.com
sgjo@alt-semicon.co.kr
sgkwon@i-amt.co.kr
sgms@sghitech.co.kr
sgpark@innopla.com
sh-kss@hanmail.net
sh-pe@hanmail.net
sh99839457@nate.com
shalom-i@hanmail.net
shampoo85@iansanc.co.kr
shchoi@sh-ct.co.kr
shchoi@taeyangcorp.com
shcore@shcore.co.kr
shdyeing@monotex.com
shed1@dreamwiz.com
shh@twk.co.kr
shhan@sjtelesys.co.kr
shhyun@solideng.co.kr
shimhw@omax.co.kr
shin13951@naver.com
shin@daewha.co.kr
shin@nexol.co.kr
shindo33@moosago.com
shinhwa1446@hanmail.net
shinilent@daum.net
shinkwang@skte.co.kr
shinoh@shinoh.co.kr
shinsaeng@shinsaeng.com
shinseungenc@daum.net
shinsung@shinflex.co.kr
shinsungglobal@empas.com
shintek@shintek.co.kr
shinweon@shinweon.com
shinwj@bosystems.co.kr
shinwoocoltd@yahoo.co.kr
shinyange@hanmail.net
shj132@kornet.net
shj2178@airtech21.com
shjoo@unilam.co.kr
shjung@esongemc.com
shk829@hanmail.net
shkim@niceglove.com
shkim@pyungil.com
shkim@raytopia.com
shko@ilsumgauto.com
shkong@lotvacuum.com
shlee@cmpartner.com
shlee@expotato.com
shlee@hankwang.co.kr
shnoho1@hanmail.net
shpark@kturbo.com
shpltd@naver.com
shs@ssbst.co.kr
shsemi@unitel.co.kr
shshin@mediasol.co.kr
shson@icsys.co.kr
shsong@jeongkwan.co.kr
shsy10004@hanmail.net
sht@samhwatech.net
shw1127@chol.com
shy80@networkcable.co.kr
shyang9087@hanmail.net
shyoon@seongji.co.kr
sian777@naver.com
sic43798@hanmail.net
sichoi@ujenc.co.kr
sicsan@sicsan.com
siesmd@hanmail.net
siesta@pobis.co.kr
sig7200@mpdevice.com
sijung@yulimco.com
silee@yonsungchem.co.kr
silkroad99@nate.com
sillametal@hanmail.net
simco21@chol.com
simjy422@naver.com
simon@han1e.com
simon@piolink.com
simpleline@epchemtech.com
sin50@chol.com
sinan@sinanmeca.com
sindo@sindoind.co.kr
sindok@sindok.co.kr
singskc@tvlogic.co.kr
sinkoung1@naver.com
sinsa76@dreamwiz.com
sinwontex@hanmail.net
sinwoo1@hanmail.net
sip@skt2580.com
sitecops@dxm.co.kr
siteng@daum.net
sizzang@xnsolution.co.kr
sj-kim1020@hanmail.net
sj-washer@daum.net
sj12840@chol.com
sj3627@nate.com
sj99011@naver.com
sj@samjurubber.com
sj_global@naver.com
sjchoi73@nesscap.com
sjckj@chol.com
sjelc@sjelc.co.kr
sjh1323@naver.com
sjh@apro-korea.co.kr
sjh@ensco.co.kr
sjh@ks7885.com
sjhan@hslms.co.kr
sjhind@kornet.net
sjhjupiter@nanoin.com
sjhy9110@daeyoungone.com
sjic@songjae.com
sjjelove71@slem.co.kr
sjjob@sungjinco.com
sjk3866@hanmail.net
sjlee@damoneasycerti.com
sjlee@swpt.net
sjm@daeyangtech.co.kr
sjmecca@naver.com
sjmetal0103@hanmail.net
sjmoon@namsung.co.kr
sjmsdust@daum.net
sjnc@chol.com
sjoh67@hanmail.net
sjpark@gnsauto.co.kr
sjpark@kkdc.co.kr
sjprec@hanmail.net
sjs1628210@hanmail.net
sjsb5000@hanmail.net
sjshon424@enanob.com
sjslove@nate.com
sjva@sithome.com
sjy@styleshare.kr
sjyj403@naver.com
sjyoo@nextec.ne.kr
sjyoon2314@hansol21.co.kr
sk1211@protechsite.com
sk4951@bill36524.com
sk4999@hanmail.net
sk6544@hanmail.net
sk877132@hanmail.net
sk@mecasys.co.kr
skacc@skshot.co.kr
skan@seojin.biz
skcho@darim.com
skcho@taeseok.co.kr
skem1@unitel.co.kr
skemd@hanmail.net
skeska@naver.com
skh2004@shinkumha.co.kr
skh@sungsinco.com
skic@seaky.co.kr
skid2000@empas.com
skjeon65@sunjin21.co.kr
skkim@linklinelnc.co.kr
skkim@tncltd.com
sklee@samikgroup.co.kr
sklee@taejinroll.com
skls@hanmir.com
skmcenter@naver.com
skme7321@chol.com
skpark@koreabp.com
skpark@koreasim.com
skpharm4@kornet.net
skps@skps.kr
sksk@saltware.co.kr
sksm001@naver.com
skt@sungkyung.co.kr
sktrade@chol.com
skw2539@naver.com
sky0592@lycos.co.kr
sky1234@gavaplus.co.kr
sky9621081@nate.com
skyim@neosem.com
skyksha@wsemc.co.kr
skymilk87@gmail.com
skysse2@naver.com
skyy2090@hanmail.net
sl218@hanmail.net
sl@shillaind.co.kr
sli6114@daum.net
slnoh@jimc.co.kr
slpark@softonnet.com
slug79@hanmail.net
sm1440@chol.com
sm19@sunnuts.co.kr
sm3291@unitel.co.kr
sm5253@naver.com
sm6073@unitel.co.kr
sm@hanmail.net
sma581@chol.com
smblue0501@seatsolutions.co.kr
smbolt82@hanmail.net
smc1101@hanmail.net
smcchuck@hanmail.net
smchoi@hyvision.co.kr
smd0404@hanmail.net
smf100@greatworks.co.kr
smg-kr@hanra.co.kr
smh204@korea.com
smiletec@hanmail.net
sminfo@somyung.co.kr
smkang@okins.co.kr
smkim@cndplus.com
smkim@gtctech.com
smpark@aprosystems.com
smpark@bksems.com
smt-korea@hanmail.net
smt20000@hanmail.net
smtech2000kr@yahoo.co.kr
smtech2002@naver.com
smy1006@nate.com
snak8477@hanmail.net
sndeng@sndeng.net
sniper29@daum.net
snkaero05@hanmail.net
snlg@chollian.net
snogen_msw@naver.com
snpji@hanmail.net
snw@snwcorp.com
sob@kdcorp.co.kr
sobaek@konics.com
softhouse@hanmail.net
solleds@solleds.com
soloauto@chol.com
solocar@texclub.com
somang19@mediana.co.kr
son@warevalley.com
son_ks@bebecook.com
sona8894@hanmail.net
sonagione@hanshinit.co.kr
sonbs@hnntech.com
song3030@chol.com
songe89@ack.co.kr
songhw6304@unico-web.co.kr
songms@flotron.co.kr
sonkswin@amosense.co.kr
sonn41@hctr.co.kr
sonna2001@nate.com
sonok510@hanmail.net
sontec1@hanmail.net
soogkhim@hanmail.net
soojung@soojung.com
sook403@hanmail.net
sookee@apack.net
sookin927@gmail.com
soon4568@hanmail.net
soram73@daega.co.kr
soso000@hanmail.net
sound2kk@hanmail.net
soyee9111@yahoo.co.kr
soyeon.k@sukgyung.com
soyoji111@emnex.xo.kr
sp-joint@nate.com
sp6900@daum.net
space861@m3mobile.co.kr
specialprint@naver.com
specs@specs.co.kr
speed@hscyclo.com
spic@spic.co.kr
spidentlab@spident.co.kr
spinn5js@naver.com
spirit24k@naver.com
spm@ssmotor.co.kr
spoinc@spoptics.com
spomed@hanmail.net
spoon226@nate.com
spro02@kstar.co.kr
spromer@ijaksnc.com
spy1726@ianes.com
srhan@ibps.co.kr
srkim@dylcd.co.kr
srkim@hanwooind.co.kr
srkim@tecos.co.kr
srkim@zetta-inc.com
srp6383@hitel.net
ss-6614@hanmail.net
ss78555@korea.com
ssamjang@shinill.co.kr
ssamwoo7@kornet.net
ssang1617@hanmail.net
ssangkari86@naver.com
ssangmalee@korea.com
sscera@sscera.biz
ssdanl@daum.net
ssglas6272@nate.com
ssgloves@yahoo.co.kr
ssheo@cnytech.co.kr
sshong@secus.co.kr
ssi3138@pimkorea.com
ssi@sdenternet.co.kr
ssk8614@naver.com
sskang@masangsoft.com
sskim2001@daum.net
sskim@dink.co.kr
sskim@esvies.com
sskwon@cnptech.co.kr
ssmf@ssmf.co.kr
ssmkim@samshinmetal.com
ssong7937@inkok.co.kr
sspark@od-tech.com
ssplant125@hanmail.net
sspmold@korea.com
sspt1462@chol.com
sss@dsinfo.co.kr
ssy2553@chol.com
st1103@ipn.co.kr
st@ssdelta.co.kr
st_yoon@xeron.co.kr
star0light@zepetto.com
star91@freechal.com
startools@daum.net
stb3508@hanmail.net
stc9914@naver.com
stc@gostc.co.kr
steve.oh@innerbottle.com
sti@stifurnace.com
sticker@dongsungtape.com
stkwon@jungjin-nextech.com
stockad@icnit.co.kr
stoo18@hanmail.net
str3554@hanmail.net
sts9964@nate.com
stymj25@ucsit.co.kr
styoon@bnfsoft.com
sue_kwon@kyungwonmedinet.co.kr
sugar@woorizen.com
sugiyama1@korea.com
suk1016@e-human.co.kr
suk4668@fursys.com
suk@systemvent.com
sumini011@hanmail.net
sun4047@vanillabreeze.com
sun@ecds.co.kr
sun@fluxlitekorea.co.kr
sun@sunplatech.co.kr
sun@sunresin.co.kr
sun@sunsafety.koreasme.org
sunbee@lequip.co.kr
sunbo@sbship.co.kr
sungdotech@sungdotech.com
sunghoon@newtc.co.kr
sunghyun.choi@daeyee.kr
sungin8800@gmail.com
sungjintool@paran.com
sungkw@tisys.co.kr
sunglim3@yahoo.co.kr
sunglimc@cholloan.net
sungpo@netsgo.com
sungseo777@yahoo.co.kr
sungsin@hatmail.com
sungwonm@chol.com
sunh1013@naver.com
sunhhwang@bumjin.net
sunil@kornet.net
sunjin@sunjincorp.co.kr
sunjoy@sunjoy.co.kr
sunmachi@hitel.net
sunmi5913@nate.com
sunmicronics@empal.com
sunmyung@sunmyung.com
sunnee75@koryocable.co.kr
sunny@doolim-robotics.com
sunny@furex.co.kr
sunny_oh@jwmkorea.com
suno9292@top-run.net
sunplatop@hanmail.net
sunri.kwon@vatech.co.kr
sunset@comartsystem.com
suntec21@chol.com
suntech08j@gmail.com
suntech2@nate.com
suntech@kornet.net
supagrade@e-ktc.co.kr
superlok@superlok.com
supply@plus.co.kr
support@bokuk.co.kr
support@naraspace.com
support@odortech.co.kr
support@terralix.com
supreme895@nate.com
surjin@surjin.com
susia1211@naver.com
susia@gncint.com
susia@polytec.co.kr
suyoungbok@hanmail.net
swc5@swchem.co.kr
swcomp@swmv.co.kr
swgo@gasdna.com
swha@cenotec.com
swheo@sjfoma.com
swhlee@bill36524.com
swi@swchem.co.kr
swith97@hanmail.net
swkang@cyberone.kr
swkim1410@sinteron.com
swkim@jaesung.com
swkim@ssiec.co.kr
swlee@cttech.co.kr
swlim0609@hngc.co.kr
swm2830@naver.com
swmeco@empal.com
swmotors@swmotors.co.kr
swon1997@chol.com
swon@wjis.co.kr
swoo776@gmail.net
swpcb007@hanmail.net
swpress@swpress.co.kr
swrt@hanmail.net
sws@cnmrobotics.com
swseo@vizrosys.com
sww8517@daum.net
sy.han@retort.net
sy2002tg@paran.com
sy4141@chol.com
sy4840@hanmail.net
sycc2000@hanmai.net
sycs21@hanmail.net
syds@chollian.net
syelcorp@unitel.co.kr
syemc@chollian.net
syendmill@naver.com
syht@hanmail.net
syhwang@awesome-tech.org
syiragene@hanmail.net
syjung77736@yahoo.co.kr
syk8279@chol.com
sykim@geosoft.co.kr
sykim@ywdsp.com
sylee@eosi.co.kr
symold@symold.co.kr
symun@comin.com
syoh2@songhwa.com
sypark@ewskorea.co.kr
sypark@poongwon.com
sypni2600@hanmail.net
syson@duo-fast.co.kr
syt2277@hanmail.net
syvat@syesc.co.kr
sywon@medyssey.com
syyoun@entecene.co.kr
t-jop@teruten.co.kr
t0606227@techest.com
taecg@chol.com
taegyupark@jtcorp.co.kr
taehojeon@naver.com
taeil-ok@hanmail.net
taeil22@chol.com
taeilcom@netsgo.com
taejin3777@hanmail.net
taejin@tjid.co
taejun.kim@samkwang.com
taekig@truen.co.kr
taekwang2333@daum.net
taekwang3020@naver.com
taesung@taesungco.com
taewookim@moglue.com
taeyang6161@daum.net
taison@u-tech.co.kr
tamlanc@tamlanc.co.kr
tank4340@hanmail.net
tanktech@tanktech.co.kr
tanpopo@kolen.com
tansau@hanmail.net
tapos@tapos.co.kr
tasim@chol.com
tax513@gn-tech.net
tax@fittings.co.kr
tax@irark.co.kr
tax@rfa.co.kr
tax@unimedics.co.kr
tax_bill@mprotek.com
taxadmin@dysensor.co.kr
taxpayer@haenim.co.kr
tccgo@chol.com
tckorea@naver.com
tcms9139@naver.com
tcs2000@tcsscience.com
teatime95@naver.com
teatime@teatime.or.kr
techx@charmfood.com
tedcha@hyosung.com
teilla@sistech.co.kr
teilua@synapsoft.co.kr
tekim@architecks.com
teknix@teknix.co.kr
tempast21@nate.com
teo0315@hanmail.net
ter3y@nate.com
terracan@yahoo.co.kr
tersoo@hanmail.net
tft@tftech.biz
th3279@hanmail.net
thallos@thallos.co.kr
thanatoner@aeonsoft.co.kr
thdud1913@naver.com
thiszero@jiran.com
thk@jw-corp.com
thok53119@naver.com
thpre@chol.com
threer5171@hanmail.net
thsensor@hanmail.net
tico3635@naver.com
tiffanyglass@hanmail.net
tikitiki00@naver.com
timenix@unitel.co.kr
tinboat@hanmir.com
tiratino@corentec.com
tireuz@jsfm.co.kr
tjdgh78@hanmail.net
tje4977@hanmail.net
tjsk794235@hanmail.net
tjvacera@hanmail.net
tjw@carryworld.com
tjwus0420@nate.com
tk.lim@nsol.co.kr
tk234@hanmail.net
tkeb040@daum.net
tkmb@tkmb.com
tkpl5263@naver.com
tkyhs@naver.com
tl1468@chol.com
tlackddhks@naver.com
tlawo2@nate.com
tmd02@sangilfood.com
tmgkorea@gmail.com
tn10311@naver.com
tnkeng@tnkeng.com
tnwjd023@naver.com
to333@pamtek.com
to4272@gmail.com
tobagee@raytron.co.kr
today0401@hanmail.net
tofu@ionmag.com
toiletter@gmail.com
tomashan@tbtcctv.com
tomatochang@dasstech.com
tommy.park@nlklcd.com
tongs1972@msst.co.kr
tony.huh@cooperindustries.com
top00@il-ryung.co.kr
top@topl.co.kr
topsafe@topsafe.co.kr
topston@chol.com
total@i-sound.co.kr
totojh@nate.com
towwonfe@naver.com
toys77@naver.com
tpmbrain@tpm21.net
tr1004@exax.co.kr
trgaon@trais.co.kr
trku@wecorp.co.kr
troy54@hanmail.net
trubo1214@hanmail.net
truerain@teramail.com
ts@turboseal.co.kr
tsco2006@kornet.net
tse39427@daum.net
tsnam@kpscorp.co.kr
tsohnjy@woochang.asia
tspolytec@hanmail.net
ttle10@hanmail.net
ttopazz@seilenc.com
tw.kim@hpmglobal.com
twin@suflux.com
two@rayworld.co.kr
twoyong02@hanmail.net
twp2010@hanmail.net
twt8587@bill36524.com
tx006043@nate.com
ty0271@naver.com
u1357@kornet.net
u31106@vodaglass.co.kr
ubtech@korea.com
ucjoung@chungpaemt.co.kr
ud254@naver.com
uhpc493@u-hyun.com
ukseung@chollian.net
ulssohitech@hanmail.net
umhitec@naver.com
under@seinsystem.co.kr
unendinglove@naver.com
uniac21@chollian.net
uniever@uniever.net
unino1@ifreshwater.co.kr
union530@gyg.co.kr
union@unilok.com
unionlight@naver.com
uniteck@chol.com
uno@swink.co.kr
upbaker@hanmail.net
usergk@nate.com
uwontank@naver.com
ux630@chollian.net
van4433@kornet.net
vat@newziro.com
vaw@lightstar.co.kr
vee84@kssi.co.kr
veron1210@excionglobal.com
vic011kr@naver.com
violet0142@eznix.com
vip@fine-tech.com
visionyear@nate.com
vit82@naver.com
vmemory@vmemory.net
vsiphj@vsi.co.kr
vvv777@broadcon.co.kr
waferfab@daum.net
wang84@chol.com
water0711@bill36524.com
wayne@bluewaves.co.kr
wbyang@pstec.co.kr
wchang1@kornet.net
wclee@rntime.com
wcpark@mtico.co.kr
wds1004@daeryungco.com
we15774750@gmail.com
web@geosys.co.kr
web@joil.co.kr
webadmin@anapro.com
webke@nownuri.net
webmaster@airteh21.co.kr
webmaster@apolloind.co.kr
webmaster@dat21.co.kr
webmaster@hanametal.co.kr
webmaster@hanbon.net
webmaster@hosent.co.kr
webmaster@inca.co.kr
webmaster@jeilpipe.com
webmaster@jsmedi.com
webmaster@kdep.co.kr
webmaster@kftec.com
webmaster@oxus.co.kr
webmaster@puritech.co.kr
webmaster@samwonpcb.com
webmaster@skrecycle.com
webmaster@yongjinfc.com
webmaster@youngamuv.co.kr
webmaster@zooin.net
webmater@unionkr.co.kr
websteer@unitel.co.kr
wedu@wedu.co.kr
wells@ise.co.kr
wepper11@sjmaterials.co.kr
wescan.inc@gmail.com
weshot@naver.com
weus2@hankookfm.com
wgchoi@telefield.com
wgkang@vissem.com
whdcns@naver.com
whdktj33@hanmail.net
wheelyoo@naver.com
whgywjd221@naver.com
whitejeaa@nate.com
whitemen@msgas.co.kr
whkwon@inktec.com
whlee@csfilter.co.kr
whokwang@co.kr
whrhal@snaps.kr
willowwind@chol.com
wimcast@chollian.net
wind5160@unitel.co.kr
winetc@vessel21.com
wings1004s@utronix.co.kr
winhong@hanmail.net
winsek@empas.com
wittion@wins21.co.kr
wizardwz@naver.com
wj0425@lycos.co.kr
wj21@wj21.com
wjcho@dongwoo21.co.kr
wjcorp00@kornet.net
wjd1663@hanmail.net
wjlee@ysfc.co.kr
wjpark@gursung.com
wjseo@snuprecision.com
wk.jung@pdt.co.kr
wkb8960@naver.com
wklee@dast.co.kr
wkn@oscg.net
wldms12303@naver.com
wlsrbs00@naver.com
wlstj336@nate.com
wm-06@hanmail.net
wm@woodmetal.co.kr
wmkim@kowel.com
wmusung@lycos.co.kr
wnchoi@monitorapp.com
wodus@dym.co.kr
won0941@chollian.net
won34447@naver.com
won@fi.co.kr
won@sunincctv.com
won@wonce.co.kr
wonbin6@gayami.co.kr
wonchangcorp@daum.net
wonil7890@hanmail.net
wonil@wbc-bearing.co.kr
wonjin@seeon.kr
wonjin@wonjinmnt.com
wonpungtrading@hanmail.net
wonpyung11@hanmail.com
wony0211@t-fu.co.kr
woo0710@ewagt.com
woo4100@hanmail.net
woo@opengen.com
wooball80@naver.com
woodam001@bill36524.com
woodoltd@chol.com
woojinfan@hanmail.net
woojinis@kornet.net
woojirar202@warecube.com
woojoofm@woojoofm.com
woojp@tos-inc.co.kr
wook7208@wamc.co.kr
wookang9@hanmail.net
woori1@delco21.co.kr
woori_insa@hanmail.net
wooskwon@hanmail.net
woosung@woosungdoor.co.kr
wootron5@hanmail.net
work@clovercooler.com
work@eleace.com
world-m-e@hanmail.net
world-sh@hanmail.net
worldstartiger@lgnsys.com
wpcjseor@hanmail.net
ws0901@flowell.co.kr
ws1987@chol.com
ws8955995@hanmail.net
ws@wsinfotech.co.kr
wschoibs@gmail.com
wscostec12@naver.com
wsh@watchtek.co.kr
wsjs75@naver.com
wsk506@hanmail.net
wsk@ieasycar.com
wskim@rsautomation.co.kr
wsvav@yahoo.co.kr
wsw7145@hanmail.net
wt27@wontae.com
wtoh@gttelecom.co.kr
wwrjang@hanmail.net
www.samah@samah.co.kr
wy77755@paran.com
wyfiber@hanmail.net
wyj@nowcom.co.kr
wzlhw@computermate.co.kr
wzlhw@hotmail.com
xxyy8730@caics.co.kr
y-sun29@hanmail.net
y0428@unitel.co.kr
y1487@show.co.kr
y2234@min-sung.com
y2qb@kikwang.co.kr
y6861@naver.com
yahnwoo@airpoint.co.kr
yaneo@nate.com
yang2821@okpos.co.kr
yangnim@naver.com
yann@sundaytoz.com
yarkman2@pntelecom.co.kr
ybfiltek@hanmail.net
ybh@e-sis.co.kr
ybh@sewoomotor.com
ybhan007@saeromcnc.com
ybkang@smartcardlab.com
ybko@ewhakorea.com
ybpl@naver.com
ybsyoo@ybsworld.com
yc22@chol.com
yckim@hanzinc.com
ydkim@foosung.com
ydko@ansco.kr
ydpss@unitel.co.kr
ye3112@chollian.net
yeaya007@naver.com
yeejeach@nate.com
yehongkmc@yahoo.co.kr
yeky2071@yeky.co.kr
yeontaek@jmft.co.kr
yeosi0908@lycos.co.kr
yeppi173@nate.com
yeppunee9070@hanmail.net
yes88@hanmail.net
yesdonga@korea.com
yesok030@korea.com
yestool@yestool.co.kr
yesung@yesups.co.kr
yeungjin01@hanmail.net
yeunhwa@kangto.com
yforklug@konet.net
ygkang@tnfcorp.co.kr
ygkim@hanaitm.com
ygsfi@ygs.co.kr
ygy1125@st4u.com
yhchoi@hiscoi.com
yhee4091@hanmail.net
yhj2823@nsocialnetwork.com
yhj7073@hanmail.net
yhkim@awon.co.kr
yhkim@elk.co.kr
yhkim@kdant.co.kr
yhkim@koreahammer.com
yhlee@daesangeng.co.kr
yhlee@forcs.com
yhlee@itian.co.kr
yho655@3r-golbal.com
yholee@shellweb.co.kr
yhpark@dnolab.com
yhpk@korea.com
yhr78@nate.com
yhroo7@hanmail.net
yhsh1993@daum.net
yhyang@dongjinti.co.kr
yi1363@leetek.org
yi8122089@daum.net
yie10004@hanmail.net
yielim@elimcom.com
yim21@sinjinpla.co.kr
yinice@tristube.com
yit9977@kornet.net
yj.jeong@impix.co.kr
yj.lee@kiflowmeter.com
yj1003sk@chol.com
yj8000@yjchemical.co.kr
yj8168@yahoo.co.kr
yj8813@yahoo.co.kr
yjan@poongsan.net
yjcho.jo@gmail.com
yjdrp@yjdrp.co.kr
yjever@empal.com
yjh@kaceco.co.kr
yjjang@isc21.kr
yjjoo@vina.co.kr
yjkim89@emtcorp.co.kr
yjkim@itwell.co.kr
yjkwon@yhtec.com
yjlee@elensys.co.kr
yjlee@fito.co.kr
yjlee@genebiotech.co.kr
yjlee@gmp.co.kr
yjltd@naver.com
yjmold@yjmold.co.kr
yjpark@edumoa.com
yjs0908@shsec.co.kr
yjsong@perigee.kr
yjspec@unitel.co.kr
yjy@intekplus.com
yjyang@jiran.com
yk.kwon@nuritechno.com
ykchang@nibec.co.kr
ykha@turbocamtech.co.kr
ykhmkim@naver.com
yki@ykico.co.kr
ykjmj@naver.com
ykk0513@hanmail.net
ykkim@daehyunhitech.co.kr
ykkim@micron.co.kr
ykkim@sbczn.co.kr
ykkyoung@hanmail.net
yklee@jibcorp.co.kr
ykpark@synkey.com
ykrina@procom.co.kr
ykshop0045@hanmail.net
yksloveusy@hanmail.net
yky@kwinfo.co.kr
ym.kim@taesang-kr.com
ym_kim@acs.co.kr
yman@genesem.com
ymg@i-dongwoo.com
ymh@ywct.co.kr
ymham@lycos.co.kr
ymk@globalups.co.kr
ymkang@unbopc.co.kr
ymkim@taeseungeng.co.kr
ymlee@octosys.co.kr
ympark@jineung.com
yms0828@pnc21.com
ymu@vitzrosys.com
ymyang@dahan-eng.com
yo-kim4480@hanmail.net
yochem@chollian.net
yokim@brain-net.co.kr
yon8915@naver.com
yonart@yon-art.com
yonggeun.jeong@dtrkorea.co.kr
yongho008@yhcup.co.kr
yongsungelec@hotmail.com
yooboo2000@hanmir.com
yoog8014@naver.com
yoohaju@hanmail.net
yoojung9004@naver.com
yoon.yerl@sanil.co.kr
yoson@seffice.com
you611004@naver.com
yougko@kspre.co.kr
youjs74@hanmail.net
young.seo@dryadgames.com
youngbae.lee@modineonegene.com
youngchan1970@hanmail.net
younghoon73@paran.com
younghyo@dreamwiz.com
youngjin-steel@hanmail.net
youngjinlim@naver.com
youngju.kim@iqpad.com
younglim@younglim.com
youngpoong@thrunet.com
youngsu.kim@smtec.or.kr
youngtech@paran.com
youngw@youngw.co.kr
youngwon@youngwonmd.co.kr
youni@younitech.com
yousj@jpi.co.kr
youskim@first1tech.com
yousung@yonsungchem.com
ypc4896@naver.com
ypelec@ypelec.co.kr
yppdigitedh@yppeigitedh.com
yppharm@hanmail.net
ypqp@chol.com
yrnam@pro-2000.co.kr
yrtex@hanmail.net
ys1ma310ho@hanmail.net
ys20sun@empal.com
ys9621741@hanmail.net
ysad@ysm24.com
yschoi@lcsquare.com
yse@yse.co.kr
ysfur110@hanmail.net
ysh01123@hanmail.net
ysh8252@wisecontrol.com
yshic@paran.com
yshwang@kytronics.co.kr
ysilee@hitel.net
ysj33@urontech.co.kr
ysj@eprosys.co.kr
ysj@iones.co.kr
ysj@ninest.co.kr
ysjeong@icure.co.kr
ysji@nts-tech.co.kr
ysk@mhs.co.kr
yskim@wellfarm.bizmeka.com
yslee@bl-tech.co.kr
yslee@ensis.co.kr
yslee@taesung2000.com
ysshin@hanback.co.kr
ytc@ytc.co.kr
ytkang@coever.co.kr
ytkim2520@sweco.co.kr
ytkim@mirtec.com
yts@ctnetworks.co.kr
yu-mi.kim@semikron.com
yuanyee@ndikorea.co.kr
yub1030@hanmail.net
yuchang@bill36524.com
yuh6269@hanmail.net
yuichi8@co-ms.co.kr
yuilel9850@kornet.net
yujang00@hanmail.net
yujinf@hanmail.net
yukim@goodit.kr
yulessi@icd.co.kr
yulimc17@naver.com
yunan941@chol.com
yunkh@gamesoma.com
yunmo@eco.co.kr
yw2622@hanmail.net
ywg222@mlove.bizmeka.com
ywgo@sjv.co.kr
yyh@redduck.com
yyk112@pavonine.net
yykang@atecfc.com
yykim22@naver.com
yykim@utechsys.com
yys@caros.co.kr
zai2008@zaigle.com
zang2050@idual.co.kr
zayuin1@naver.com
zee@mplustec.com
zen0101@hanmail.net
zen2879@sunhydraulics.co.kr
zenohong@hanmail.net
zerom71@nate.com
zerotry@hanmail.net
zeus@awomepiece.com
zezepari1969@yahoo.co.kr
zion0810@hanmail.net
zizi1042@nate.com
zuksoon25@hanmail.net
zulee2005@dntinc.co.kr
zzdkdlfjqm@winspia.bizmeka.com
zzing6@lycos.co.kr